date,avg_water_temp
01/01/2015,25.54182879579577
02/01/2015,25.574364145495498
03/01/2015,25.54683423421111
04/01/2015,25.56149301814176
05/01/2015,25.57078883234168
06/01/2015,25.55076707868031
07/01/2015,25.571146363657064
08/01/2015,25.551839672626453
09/01/2015,25.53789595132657
10/01/2015,25.534678169488135
11/01/2015,25.506433195572985
12/01/2015,25.518231728980577
13/01/2015,25.524309761342067
14/01/2015,25.537180888695808
15/01/2015,25.52681248054974
16/01/2015,25.56363820603405
17/01/2015,25.548264359472636
18/01/2015,25.54039867053424
19/01/2015,25.530745325018938
20/01/2015,25.519661854242106
21/01/2015,25.509293446096038
22/01/2015,25.538253482641952
23/01/2015,25.543258921057294
24/01/2015,25.55112460999569
25/01/2015,25.552554735257218
26/01/2015,25.547549296841876
27/01/2015,25.547549296841876
28/01/2015,25.539326076588097
29/01/2015,25.55756017367256
30/01/2015,25.55577251709565
31/01/2015,25.545404108949583
01/02/2015,25.56578339392634
02/02/2015,25.553984860518746
03/02/2015,25.544689046318823
04/02/2015,25.581514771803132
05/02/2015,25.577939458649315
06/02/2015,25.586877741533854
07/02/2015,25.578296989964695
08/02/2015,25.586520210218474
09/02/2015,25.57007376971092
10/02/2015,25.571503894972444
11/02/2015,25.567213519187867
12/02/2015,25.606541963879845
13/02/2015,25.62835137411813
14/02/2015,25.64658547120259
15/02/2015,25.675903039063886
16/02/2015,25.65695387934866
17/02/2015,25.662674380394765
18/02/2015,25.675903039063886
19/02/2015,25.64014990752572
20/02/2015,25.629423968064273
21/02/2015,25.657668941979423
22/02/2015,25.67447291380236
23/02/2015,25.679835883533084
24/02/2015,25.681266008794612
25/02/2015,25.680550946163848
26/02/2015,25.668752412756255
27/02/2015,25.66839488144087
28/02/2015,25.616195309395152
01/03/2015,25.52717001186512
02/03/2015,25.57221895760321
03/03/2015,25.620843216495114
04/03/2015,25.635859531741144
05/03/2015,25.677690695640795
06/03/2015,25.669109944071636
07/03/2015,25.638004719633432
08/03/2015,25.64658547120259
09/03/2015,25.60725702651061
10/03/2015,25.66303191171015
11/03/2015,25.665177099602438
12/03/2015,25.669109944071636
13/03/2015,25.70271788771751
14/03/2015,25.6873440411561
15/03/2015,25.699142574563695
16/03/2015,25.694137136148353
17/03/2015,25.70271788771751
18/03/2015,25.75026955266327
19/03/2015,25.715589015071252
20/03/2015,25.725957423217316
21/03/2015,25.735968300048004
22/03/2015,25.78244737104762
23/03/2015,25.775296744739986
24/03/2015,25.77136390027079
25/03/2015,25.747409302140216
26/03/2015,25.710583576655907
27/03/2015,25.727030017163464
28/03/2015,25.736325831363388
29/03/2015,25.74311892635564
30/03/2015,25.714516421125104
31/03/2015,25.696997386671406
01/04/2015,25.74633670819407
02/04/2015,25.78316243367838
03/04/2015,25.80604443786281
04/04/2015,25.822133347054983
05/04/2015,25.809619751016626
06/04/2015,25.786380215516818
07/04/2015,25.788882934724487
08/04/2015,25.760637960809337
09/04/2015,25.759207835547812
10/04/2015,25.773509088163078
11/04/2015,25.694852198779113
12/04/2015,25.589022929426147
13/04/2015,25.62727878017198
14/04/2015,25.586877741533854
15/04/2015,25.56828611313401
16/04/2015,25.631211624641182
17/04/2015,25.668752412756255
18/04/2015,25.76099549212472
19/04/2015,25.758492772917048
20/04/2015,25.783519964993765
21/04/2015,25.80461431260128
22/04/2015,25.822848409685747
23/04/2015,25.827138785470325
24/04/2015,25.695567261409877
25/04/2015,25.747051770824836
26/04/2015,25.72667248584808
27/04/2015,25.753487334501706
28/04/2015,25.815340252062732
29/04/2015,25.796391092347502
30/04/2015,25.85431116543933
01/05/2015,25.86753982410845
02/05/2015,25.88863417171597
03/05/2015,25.848590664393225
04/05/2015,25.79281577919369
05/05/2015,25.78459255893991
06/05/2015,25.803184187339756
07/05/2015,25.816770377324257
08/05/2015,25.86289191700849
09/05/2015,25.85002078965475
10/05/2015,25.801396530762847
11/05/2015,25.80640196917819
12/05/2015,25.83428941177796
13/05/2015,25.79281577919369
14/05/2015,25.79317331050907
15/05/2015,25.801754062078228
16/05/2015,25.7399011445172
17/05/2015,25.75026955266327
18/05/2015,25.87111513726227
19/05/2015,25.940118681130926
20/05/2015,26.000899004745808
21/05/2015,26.017345445253365
22/05/2015,26.054886233368435
23/05/2015,26.04666301311466
24/05/2015,26.04487535653775
25/05/2015,26.025926196822525
26/05/2015,26.033076823130155
27/05/2015,26.014842726045693
28/05/2015,25.958710309530773
29/05/2015,25.991603190545884
30/05/2015,25.99053059659974
31/05/2015,25.952989808484666
01/06/2015,25.77422415079384
02/06/2015,25.863249448323874
03/06/2015,25.818558033901166
04/06/2015,25.8607467291162
05/06/2015,25.8217758157396
06/06/2015,25.67697563301003
07/06/2015,25.72202457874812
08/06/2015,25.708795920078998
09/06/2015,25.707723326132854
10/06/2015,25.865752167531543
11/06/2015,25.915091489054213
12/06/2015,25.71129863928667
13/06/2015,25.742761395040255
14/06/2015,25.631926687271942
15/06/2015,25.662674380394765
16/06/2015,25.603681713356792
17/06/2015,25.607614557825993
18/06/2015,25.509650977411418
19/06/2015,25.545761640264967
20/06/2015,25.517159135034433
21/06/2015,25.580799709172368
22/06/2015,25.666964756179347
23/06/2015,25.710226045340526
24/06/2015,25.727030017163464
25/06/2015,25.7613530234401
26/06/2015,25.758850304232432
27/06/2015,25.779944651839948
28/06/2015,25.788882934724487
29/06/2015,25.810334813647387
30/06/2015,25.802469124708992
01/07/2015,25.796748623662886
02/07/2015,25.763855742647774
03/07/2015,25.76492833659392
04/07/2015,25.82606619152418
05/07/2015,25.83679213098563
06/07/2015,25.822848409685747
07/07/2015,25.8257086602088
08/07/2015,25.8042567812859
09/07/2015,25.80461431260128
10/07/2015,25.779944651839948
11/07/2015,25.79353084182445
12/07/2015,25.846803007816316
13/07/2015,25.86896994936998
14/07/2015,25.82821137941647
15/07/2015,25.736325831363388
16/07/2015,25.7613530234401
17/07/2015,25.785307621570674
18/07/2015,25.788167872093727
19/07/2015,25.749196958717125
20/07/2015,25.750627083978653
21/07/2015,25.751342146609417
22/07/2015,25.65480869145637
23/07/2015,25.71523148375587
24/07/2015,25.74991202134789
25/07/2015,25.76278314870163
26/07/2015,25.72416976664041
27/07/2015,25.763855742647774
28/07/2015,25.79603356103212
29/07/2015,25.774939213424606
30/07/2015,25.772436494216933
31/07/2015,25.76778858711697
01/08/2015,25.766358461855443
02/08/2015,25.76099549212472
03/08/2015,25.744191520301783
04/08/2015,25.70021516850984
05/08/2015,25.72452729795579
06/08/2015,25.699500105879075
07/08/2015,25.694137136148353
08/08/2015,25.701645293771367
09/08/2015,25.681266008794612
10/08/2015,25.697712449302166
11/08/2015,25.668752412756255
12/08/2015,25.545046577634203
13/08/2015,25.59903380625683
14/08/2015,25.712371233232815
15/08/2015,25.74955449003251
16/08/2015,25.590810586003055
17/08/2015,25.712371233232815
18/08/2015,25.72166704743274
19/08/2015,25.74633670819407
20/08/2015,25.68948922904839
21/08/2015,25.673400319856217
22/08/2015,25.621200747810494
23/08/2015,25.69628232404064
24/08/2015,25.734180643471095
25/08/2015,25.736683362678768
26/08/2015,25.658741535925568
27/08/2015,25.619413091233586
28/08/2015,25.670897600648544
29/08/2015,25.67447291380236
30/08/2015,25.67804822695618
31/08/2015,25.694494667463733
01/09/2015,25.709153451394382
02/09/2015,25.738113487940293
03/09/2015,25.73453817478648
04/09/2015,25.74311892635564
05/09/2015,25.74168880109411
06/09/2015,25.713801358494344
07/09/2015,25.63550200042576
08/09/2015,25.660171661187093
09/09/2015,25.66374697434091
10/09/2015,25.651590909617934
11/09/2015,25.66553463091782
12/09/2015,25.594743430472253
13/09/2015,25.625491123595076
14/09/2015,25.58759280416462
15/09/2015,25.609044683087518
16/09/2015,25.612977527556716
17/09/2015,25.610117277033662
18/09/2015,25.674115382486978
19/09/2015,25.59402836784149
20/09/2015,25.59224071126458
21/09/2015,25.664819568287054
22/09/2015,25.704148012979037
23/09/2015,25.722382110063503
24/09/2015,25.759207835547812
25/09/2015,25.758492772917048
26/09/2015,25.65731141066404
27/09/2015,25.705578138240565
28/09/2015,25.679835883533084
29/09/2015,25.671255131963925
30/09/2015,25.610474808349046
01/10/2015,25.624418529648928
02/10/2015,25.645155345941063
03/10/2015,25.66839488144087
04/10/2015,25.660529192502477
05/10/2015,25.672685257225453
06/10/2015,25.68948922904839
07/10/2015,25.693064542202208
08/10/2015,25.694494667463733
09/10/2015,25.696639855356022
10/10/2015,25.746694239509456
11/10/2015,25.716661609017397
12/10/2015,25.753129803186322
13/10/2015,25.753487334501706
14/10/2015,25.740258675832585
15/10/2015,25.716304077702013
16/10/2015,25.688059103786863
17/10/2015,25.677333164325415
18/10/2015,25.69806998061755
19/10/2015,25.71165617060205
20/10/2015,25.720594453486594
21/10/2015,25.732392986894187
22/10/2015,25.73346558084033
23/10/2015,25.74168880109411
24/10/2015,25.710583576655907
25/10/2015,25.68090847747923
26/10/2015,25.6873440411561
27/10/2015,25.702002825086748
28/10/2015,25.65516622277175
29/10/2015,25.673400319856217
30/10/2015,25.64873065909488
31/10/2015,25.612977527556716
01/11/2015,25.647300533833356
02/11/2015,25.63371434384885
03/11/2015,25.65051831567179
04/11/2015,25.679120820902323
05/11/2015,25.68090847747923
06/11/2015,25.695209730094497
07/11/2015,25.665892162233202
08/11/2015,25.65016078435641
09/11/2015,25.532175450280462
10/11/2015,25.516801603719053
11/11/2015,25.6133350588721
12/11/2015,25.65480869145637
13/11/2015,25.65695387934866
14/11/2015,25.636574594371904
15/11/2015,25.610832339664427
16/11/2015,25.398816269643106
17/11/2015,25.40382170805845
18/11/2015,25.523594698711303
19/11/2015,25.519304322926725
20/11/2015,25.508935914780658
21/11/2015,25.573649082864733
22/11/2015,25.58973799205691
23/11/2015,25.608329620456754
24/11/2015,25.62012815386435
25/11/2015,25.5918831799492
26/11/2015,25.61190493361057
27/11/2015,25.630496562010418
28/11/2015,25.61190493361057
29/11/2015,25.590810586003055
30/11/2015,25.53789595132657
01/12/2015,25.54039867053424
02/12/2015,25.50714825820375
03/12/2015,25.609759745718282
04/12/2015,25.61548024676439
05/12/2015,25.602609119410648
06/12/2015,25.565068331295574
07/12/2015,25.591168117318436
08/12/2015,25.590810586003055
09/12/2015,25.562923143403285
10/12/2015,25.602609119410648
11/12/2015,25.61834049728744
12/12/2015,25.660529192502477
13/12/2015,25.640864970156485
14/12/2015,25.649445721725645
15/12/2015,25.631569155956562
16/12/2015,25.638719782264197
17/12/2015,25.634429406479615
18/12/2015,25.630854093325798
19/12/2015,25.62727878017198
20/12/2015,25.6133350588721
21/12/2015,25.622988404387403
22/12/2015,25.64408275199492
23/12/2015,25.639077313579577
24/12/2015,25.636932125687288
25/12/2015,25.573649082864733
26/12/2015,25.509650977411418
27/12/2015,25.552554735257218
28/12/2015,25.59402836784149
29/12/2015,25.634429406479615
30/12/2015,25.631211624641182
31/12/2015,25.587950335480002
01/01/2016,25.61154740229519
02/01/2016,25.6094022144029
03/01/2016,25.637647188318052
04/01/2016,25.609044683087518
05/01/2016,25.587950335480002
06/01/2016,25.58365995969542
07/01/2016,25.58544761627233
08/01/2016,25.594743430472253
09/01/2016,25.60689949519523
10/01/2016,25.6054693699337
11/01/2016,25.6054693699337
12/01/2016,25.608687151772138
13/01/2016,25.57901205259546
14/01/2016,25.592598242579964
15/01/2016,25.579727115226223
16/01/2016,25.58330242838004
17/01/2016,25.582229834433896
18/01/2016,25.586162678903094
19/01/2016,25.546119171580347
20/01/2016,25.474612908504017
21/01/2016,25.53789595132657
22/01/2016,25.52538235528821
23/01/2016,25.54004113921886
24/01/2016,25.55577251709565
25/01/2016,25.56435326866481
26/01/2016,25.573291551549353
27/01/2016,25.62191581044126
28/01/2016,25.652663503564078
29/01/2016,25.667679818810107
30/01/2016,25.66124425513324
31/01/2016,25.69985763719446
01/02/2016,25.707723326132854
02/02/2016,25.700930231140603
03/02/2016,25.68305366537152
04/02/2016,25.67697563301003
05/02/2016,25.645155345941063
06/02/2016,25.659814129871712
07/02/2016,25.64873065909488
08/02/2016,25.64408275199492
09/02/2016,25.65731141066404
10/02/2016,25.679835883533084
11/02/2016,25.66839488144087
12/02/2016,25.671255131963925
13/02/2016,25.673042788540833
14/02/2016,25.654093628825606
15/02/2016,25.66303191171015
16/02/2016,25.65731141066404
17/02/2016,25.66124425513324
18/02/2016,25.685913915894574
19/02/2016,25.72452729795579
20/02/2016,25.745621645563308
21/02/2016,25.752772271870942
22/02/2016,25.751699677924798
23/02/2016,25.715946546386633
24/02/2016,25.71523148375587
25/02/2016,25.697712449302166
26/02/2016,25.664104505656294
27/02/2016,25.67661810169465
28/02/2016,25.660886723817857
29/02/2016,25.669109944071636
01/03/2016,25.650875846987173
02/03/2016,25.658741535925568
03/03/2016,25.67232772591007
04/03/2016,25.70021516850984
05/03/2016,25.7048630756098
06/03/2016,25.718449265594302
07/03/2016,25.702002825086748
08/03/2016,25.716304077702013
09/03/2016,25.715589015071252
10/03/2016,25.762068086070865
11/03/2016,25.75026955266327
12/03/2016,25.7652858679093
13/03/2016,25.760280429493957
14/03/2016,25.730247799001898
15/03/2016,25.709868514025143
16/03/2016,25.733823112155715
17/03/2016,25.746694239509456
18/03/2016,25.776726870001514
19/03/2016,25.804971843916665
20/03/2016,25.84787560176246
21/03/2016,25.859674135170057
22/03/2016,25.85645635333162
23/03/2016,25.835719537039484
24/03/2016,25.774581682109222
25/03/2016,25.75026955266327
26/03/2016,25.775296744739986
27/03/2016,25.781732308416856
28/03/2016,25.748839427401744
29/03/2016,25.75670511634014
30/03/2016,25.780302183155328
31/03/2016,25.775296744739986
01/04/2016,25.786022684201434
02/04/2016,25.799251342870555
03/04/2016,25.81462518943197
04/04/2016,25.815340252062732
05/04/2016,25.82141828442422
06/04/2016,25.8217758157396
07/04/2016,25.83893731887792
08/04/2016,25.81140740759353
09/04/2016,25.794245904455213
10/04/2016,25.81319506417044
11/04/2016,25.857171415962384
12/04/2016,25.85824400990853
13/04/2016,25.902220361700472
14/04/2016,25.872545262523793
15/04/2016,25.870042543316124
16/04/2016,25.85645635333162
17/04/2016,25.864322042270018
18/04/2016,25.82141828442422
19/04/2016,25.829641504677998
20/04/2016,25.850735852285514
21/04/2016,25.893997141446693
22/04/2016,25.935828305346348
23/04/2016,25.965860935838407
24/04/2016,25.959782903476917
25/04/2016,25.916521614315737
26/04/2016,25.880053420146808
27/04/2016,25.866467230162307
28/04/2016,25.909013456692723
29/04/2016,25.91902433352341
30/04/2016,25.919739396154174
01/05/2016,25.931537929561767
02/05/2016,25.91294630116192
03/05/2016,25.89077935960826
04/05/2016,25.881126014092956
05/05/2016,25.79138565393216
06/05/2016,25.682696134056137
07/05/2016,25.809262219701242
08/05/2016,25.810334813647387
09/05/2016,25.816770377324257
10/05/2016,25.810334813647387
11/05/2016,25.82642372283956
12/05/2016,25.86968501200074
13/05/2016,25.89042182829288
14/05/2016,25.88648898382368
15/05/2016,25.84787560176246
16/05/2016,25.81712790863964
17/05/2016,25.75241474055556
18/05/2016,25.643010158048774
19/05/2016,25.56220808077252
20/05/2016,25.744906582932547
21/05/2016,25.88934923434673
22/05/2016,25.968006123730696
23/05/2016,25.978017000561383
24/05/2016,25.985525158184398
25/05/2016,25.970151311622985
26/05/2016,25.98624022081516
27/05/2016,25.97694440661524
28/05/2016,25.910086050638867
29/05/2016,25.84573041387017
30/05/2016,25.944409056915507
31/05/2016,25.937973493238637
01/06/2016,25.951202151907758
02/06/2016,25.749196958717125
03/06/2016,25.860031666485437
04/06/2016,25.631211624641182
05/06/2016,25.760280429493957
06/06/2016,25.71308629586358
07/06/2016,25.666607224863963
08/06/2016,25.6269212488566
09/06/2016,25.758135241601668
10/06/2016,25.809619751016626
11/06/2016,25.790313059986016
12/06/2016,25.808189625755098
13/06/2016,25.800681468132083
14/06/2016,25.807474563124334
15/06/2016,25.851450914916278
16/06/2016,25.86289191700849
17/06/2016,25.78495009025529
18/06/2016,25.601894056779884
19/06/2016,25.612262464925955
20/06/2016,25.61977062254897
21/06/2016,25.747051770824836
22/06/2016,25.74133126977873
23/06/2016,25.783519964993765
24/06/2016,25.74633670819407
25/06/2016,25.71129863928667
26/06/2016,25.608687151772138
27/06/2016,25.612977527556716
28/06/2016,25.559347830249468
29/06/2016,25.513583821880616
30/06/2016,25.575436739441642
01/07/2016,25.656238816717895
02/07/2016,25.69199194825606
03/07/2016,25.67697563301003
04/07/2016,25.720951984801975
05/07/2016,25.69628232404064
06/07/2016,25.730247799001898
07/07/2016,25.693064542202208
08/07/2016,25.647300533833356
09/07/2016,25.630496562010418
10/07/2016,25.62012815386435
11/07/2016,25.62727878017198
12/07/2016,25.701645293771367
13/07/2016,25.742403863724874
14/07/2016,25.78495009025529
15/07/2016,25.803541718655136
16/07/2016,25.73275051820957
17/07/2016,25.697712449302166
18/07/2016,25.735610768732624
19/07/2016,25.58544761627233
20/07/2016,25.653378566194842
21/07/2016,25.649088190410264
22/07/2016,25.607972089141374
23/07/2016,25.637647188318052
24/07/2016,25.60296665072603
25/07/2016,25.673400319856217
26/07/2016,25.662674380394765
27/07/2016,25.63299928121809
28/07/2016,25.673400319856217
29/07/2016,25.621200747810494
30/07/2016,25.658384004610188
31/07/2016,25.60475430730294
01/08/2016,25.554699923149506
02/08/2016,25.561135486826377
03/08/2016,25.5704313010263
04/08/2016,25.596173555733778
05/08/2016,25.651948440933317
06/08/2016,25.660171661187093
07/08/2016,25.69377960483297
08/08/2016,25.729175205055753
09/08/2016,25.727030017163464
10/08/2016,25.736325831363388
11/08/2016,25.73453817478648
12/08/2016,25.727387548478845
13/08/2016,25.737398425309532
14/08/2016,25.69842751193293
15/08/2016,25.704148012979037
16/08/2016,25.68305366537152
17/08/2016,25.727030017163464
18/08/2016,25.749196958717125
19/08/2016,25.755274991078615
20/08/2016,25.779944651839948
21/08/2016,25.78316243367838
22/08/2016,25.759922898178576
23/08/2016,25.766358461855443
24/08/2016,25.7652858679093
25/08/2016,25.624060998333547
26/08/2016,25.654451160140987
27/08/2016,25.632641749902707
28/08/2016,25.660886723817857
29/08/2016,25.634786937794996
30/08/2016,25.513226290565235
31/08/2016,25.571503894972444
01/09/2016,25.652305972248698
02/09/2016,25.657668941979423
03/09/2016,25.63550200042576
04/09/2016,25.627636311487365
05/09/2016,25.649088190410264
06/09/2016,25.67232772591007
07/09/2016,25.680550946163848
08/09/2016,25.69842751193293
09/09/2016,25.682696134056137
10/09/2016,25.576151802072406
11/09/2016,25.539683607903477
12/09/2016,25.539326076588097
13/09/2016,25.49892503794997
14/09/2016,25.489629223750047
15/09/2016,25.50571813294222
16/09/2016,25.59867627494145
17/09/2016,25.599748868887595
18/09/2016,25.62870890543351
19/09/2016,25.623345935702783
20/09/2016,25.59438589915687
21/09/2016,25.478545752973215
22/09/2016,25.537180888695808
23/09/2016,25.483193660073177
24/09/2016,25.550052016049545
25/09/2016,25.556487579726415
26/09/2016,25.58365995969542
27/09/2016,25.59903380625683
28/09/2016,25.624060998333547
29/09/2016,25.636217063056524
30/09/2016,25.61548024676439
01/10/2016,25.56435326866481
02/10/2016,25.6094022144029
03/10/2016,25.632284218587326
04/10/2016,25.660171661187093
05/10/2016,25.672685257225453
06/10/2016,25.686271447209954
07/10/2016,25.66303191171015
08/10/2016,25.58330242838004
09/10/2016,25.57221895760321
10/10/2016,25.614407652818244
11/10/2016,25.684126259317665
12/10/2016,25.703432950348272
13/10/2016,25.695567261409877
14/10/2016,25.6834111966869
15/10/2016,25.677690695640795
16/10/2016,25.66803735012549
17/10/2016,25.675903039063886
18/10/2016,25.675903039063886
19/10/2016,25.686628978525338
20/10/2016,25.668752412756255
21/10/2016,25.67232772591007
22/10/2016,25.682696134056137
23/10/2016,25.702360356402128
24/10/2016,25.677690695640795
25/10/2016,25.6912768856253
26/10/2016,25.703432950348272
27/10/2016,25.687701572471482
28/10/2016,25.660886723817857
29/10/2016,25.61834049728744
30/10/2016,25.637647188318052
31/10/2016,25.62835137411813
01/11/2016,25.652663503564078
02/11/2016,25.636574594371904
03/11/2016,25.669467475387016
04/11/2016,25.69020429167915
05/11/2016,25.675187976433122
06/11/2016,25.65016078435641
07/11/2016,25.6483731277795
08/11/2016,25.63550200042576
09/11/2016,25.63979237621034
10/11/2016,25.631926687271942
11/11/2016,25.61548024676439
12/11/2016,25.597961212310686
13/11/2016,25.61869802860282
14/11/2016,25.635859531741144
15/11/2016,25.63728965700267
16/11/2016,25.61548024676439
17/11/2016,25.599391337572214
18/11/2016,25.60010640020298
19/11/2016,25.59402836784149
20/11/2016,25.59688861836454
21/11/2016,25.612977527556716
22/11/2016,25.636932125687288
23/11/2016,25.61190493361057
24/11/2016,25.60725702651061
25/11/2016,25.62048568517973
26/11/2016,25.64801559646412
27/11/2016,25.677333164325415
28/11/2016,25.665177099602438
29/11/2016,25.61977062254897
30/11/2016,25.573649082864733
01/12/2016,25.60010640020298
02/12/2016,25.57007376971092
03/12/2016,25.607972089141374
04/12/2016,25.603324182041412
05/12/2016,25.5918831799492
06/12/2016,25.56149301814176
07/12/2016,25.594743430472253
08/12/2016,25.604039244672176
09/12/2016,25.586877741533854
10/12/2016,25.552554735257218
11/12/2016,25.553984860518746
12/12/2016,25.534678169488135
13/12/2016,25.50786332083451
14/12/2016,25.519304322926725
15/12/2016,25.54397398368806
16/12/2016,25.551482141311073
17/12/2016,25.58580514758771
18/12/2016,25.575436739441642
19/12/2016,25.567213519187867
20/12/2016,25.56363820603405
21/12/2016,25.60725702651061
22/12/2016,25.6133350588721
23/12/2016,25.603324182041412
24/12/2016,25.569358707080156
25/12/2016,25.56828611313401
26/12/2016,25.59653108704916
27/12/2016,25.586520210218474
28/12/2016,25.556130048411035
29/12/2016,25.539326076588097
30/12/2016,25.558275236303324
31/12/2016,25.567213519187867
01/01/2017,25.576151802072406
02/01/2017,25.57078883234168
03/01/2017,25.56864364444939
04/01/2017,25.552912266572598
05/01/2017,25.567928581818627
06/01/2017,25.566855987872483
07/01/2017,25.56399573734943
08/01/2017,25.557917704987943
09/01/2017,25.5704313010263
10/01/2017,25.55040954736493
11/01/2017,25.57078883234168
12/01/2017,25.54647670289573
13/01/2017,25.52216457344978
14/01/2017,25.528600137126645
15/01/2017,25.54075620184962
16/01/2017,25.549336953418784
17/01/2017,25.552197203941837
18/01/2017,25.549694484734164
19/01/2017,25.541113733165005
20/01/2017,25.57472167681088
21/01/2017,25.59867627494145
22/01/2017,25.60511183861832
23/01/2017,25.592598242579964
24/01/2017,25.5840174910108
25/01/2017,25.571503894972444
26/01/2017,25.50571813294222
27/01/2017,25.56220808077252
28/01/2017,25.597961212310686
29/01/2017,25.610832339664427
30/01/2017,25.609044683087518
31/01/2017,25.616552840710533
01/02/2017,25.608687151772138
02/02/2017,25.582229834433896
03/02/2017,25.588307866795382
04/02/2017,25.59438589915687
05/02/2017,25.599748868887595
06/02/2017,25.638004719633432
07/02/2017,25.660171661187093
08/02/2017,25.680550946163848
09/02/2017,25.65659634803328
10/02/2017,25.62906643674889
11/02/2017,25.610474808349046
12/02/2017,25.582944897064657
13/02/2017,25.610117277033662
14/02/2017,25.627993842802745
15/02/2017,25.615122715449008
16/02/2017,25.62477606096431
17/02/2017,25.636932125687288
18/02/2017,25.64622793988721
19/02/2017,25.701287762455983
20/02/2017,25.762068086070865
21/02/2017,25.750984615294033
22/02/2017,25.7263149545327
23/02/2017,25.750627083978653
24/02/2017,25.745264114247927
25/02/2017,25.69628232404064
26/02/2017,25.67626057037927
27/02/2017,25.665892162233202
28/02/2017,25.67840575827156
01/03/2017,25.682338602740757
02/03/2017,25.695924792725258
03/03/2017,25.699500105879075
04/03/2017,25.712728764548196
05/03/2017,25.702360356402128
06/03/2017,25.713801358494344
07/03/2017,25.694494667463733
08/03/2017,25.70271788771751
09/03/2017,25.69163441694068
10/03/2017,25.694852198779113
11/03/2017,25.738113487940293
12/03/2017,25.712728764548196
13/03/2017,25.719164328225066
14/03/2017,25.693064542202208
15/03/2017,25.680193414848468
16/03/2017,25.67161266327931
17/03/2017,25.713801358494344
18/03/2017,25.731677924263426
19/03/2017,25.723454704009647
20/03/2017,25.74633670819407
21/03/2017,25.738828550571057
22/03/2017,25.742761395040255
23/03/2017,25.750984615294033
24/03/2017,25.773866619478458
25/03/2017,25.777441932632275
26/03/2017,25.77815699526304
27/03/2017,25.76349821133239
28/03/2017,25.759207835547812
29/03/2017,25.78244737104762
30/03/2017,25.801038999447464
31/03/2017,25.792458247878304
01/04/2017,25.809619751016626
02/04/2017,25.81748543995502
03/04/2017,25.78959799735525
04/04/2017,25.770291306324644
05/04/2017,25.788882934724487
06/04/2017,25.81712790863964
07/04/2017,25.825351128893416
08/04/2017,25.820703221793455
09/04/2017,25.805329375232045
10/04/2017,25.809619751016626
11/04/2017,25.829641504677998
12/04/2017,25.823205941001127
13/04/2017,25.809619751016626
14/04/2017,25.773151556847697
15/04/2017,25.815697783378113
16/04/2017,25.853596102808567
17/04/2017,25.891494422239024
18/04/2017,25.846445476500936
19/04/2017,25.84966325833937
20/04/2017,25.858601541223912
21/04/2017,25.879338357516048
22/04/2017,25.902220361700472
23/04/2017,25.914018895108068
24/04/2017,25.88648898382368
25/04/2017,25.883271201985245
26/04/2017,25.891494422239024
27/04/2017,25.876835638308375
28/04/2017,25.876478106992995
29/04/2017,25.863606979639254
30/04/2017,25.828926442047234
01/05/2017,25.81104987627815
02/05/2017,25.79317331050907
03/05/2017,25.813910126801204
04/05/2017,25.837149662301012
05/05/2017,25.862176854377726
06/05/2017,25.842155100716354
07/05/2017,25.76743105580159
08/05/2017,25.846087945185552
09/05/2017,25.842155100716354
10/05/2017,25.7613530234401
11/05/2017,25.793888373139833
12/05/2017,25.8217758157396
13/05/2017,25.8646795735854
14/05/2017,25.9211695214157
15/05/2017,25.936543367977112
16/05/2017,26.021278289722563
17/05/2017,25.939761149815546
18/05/2017,26.040942512068554
19/05/2017,25.980877251084436
20/05/2017,25.968006123730696
21/05/2017,25.96049796610768
22/05/2017,25.941906337707834
23/05/2017,25.966218467153787
24/05/2017,25.93404064876944
25/05/2017,25.919739396154174
26/05/2017,25.921884584046463
27/05/2017,25.838579787562537
28/05/2017,25.855383759385475
29/05/2017,25.93404064876944
30/05/2017,25.934755711400204
31/05/2017,25.937973493238637
01/06/2017,25.91258876984654
02/06/2017,25.907225800115814
03/06/2017,25.92545989720028
04/06/2017,25.880053420146808
05/06/2017,25.9426214003386
06/06/2017,25.814267658116584
07/06/2017,25.702002825086748
08/06/2017,25.636574594371904
09/06/2017,25.735968300048004
10/06/2017,25.753129803186322
11/06/2017,25.71809173427892
12/06/2017,25.71165617060205
13/06/2017,25.670540069333164
14/06/2017,25.725242360586556
15/06/2017,25.642652626733394
16/06/2017,25.60082146283374
17/06/2017,25.720951984801975
18/06/2017,25.738471019255677
19/06/2017,25.654093628825606
20/06/2017,25.669467475387016
21/06/2017,25.732392986894187
22/06/2017,25.79603356103212
23/06/2017,25.71308629586358
24/06/2017,25.742403863724874
25/06/2017,25.712728764548196
26/06/2017,25.672685257225453
27/06/2017,25.712371233232815
28/06/2017,25.63979237621034
29/06/2017,25.710583576655907
30/06/2017,25.702002825086748
01/07/2017,25.665177099602438
02/07/2017,25.725242360586556
03/07/2017,25.738471019255677
04/07/2017,25.731320392948042
05/07/2017,25.770648837640024
06/07/2017,25.679478352217703
07/07/2017,25.622630873072023
08/07/2017,25.684126259317665
09/07/2017,25.68484132194843
10/07/2017,25.750627083978653
11/07/2017,25.65051831567179
12/07/2017,25.65695387934866
13/07/2017,25.58580514758771
14/07/2017,25.574006614180117
15/07/2017,25.6054693699337
16/07/2017,25.580084646541604
17/07/2017,25.50536060162684
18/07/2017,25.47282525192711
19/07/2017,25.630854093325798
20/07/2017,25.652663503564078
21/07/2017,25.71344382717896
22/07/2017,25.730962861632662
23/07/2017,25.737755956624913
24/07/2017,25.72202457874812
25/07/2017,25.74168880109411
26/07/2017,25.755274991078615
27/07/2017,25.745264114247927
28/07/2017,25.73489570610186
29/07/2017,25.692349479571444
30/07/2017,25.74311892635564
31/07/2017,25.74168880109411
01/08/2017,25.747409302140216
02/08/2017,25.686628978525338
03/08/2017,25.730605330317278
04/08/2017,25.71165617060205
05/08/2017,25.6483731277795
06/08/2017,25.730605330317278
07/08/2017,25.715946546386633
08/08/2017,25.639077313579577
09/08/2017,25.525739886603592
10/08/2017,25.666249693548583
11/08/2017,25.67197019459469
12/08/2017,25.612619996241335
13/08/2017,25.541471264480386
14/08/2017,25.639077313579577
15/08/2017,25.700930231140603
16/08/2017,25.688774166417627
17/08/2017,25.614407652818244
18/08/2017,25.484981316650085
19/08/2017,25.476400565080926
20/08/2017,25.55076707868031
21/08/2017,25.655523754087135
22/08/2017,25.69628232404064
23/08/2017,25.699500105879075
24/08/2017,25.612619996241335
25/08/2017,25.50750578951913
26/08/2017,25.60511183861832
27/08/2017,25.563280674718666
28/08/2017,25.538253482641952
29/08/2017,25.591168117318436
30/08/2017,25.683768728002285
31/08/2017,25.696639855356022
01/09/2017,25.712013701917435
02/09/2017,25.68484132194843
03/09/2017,25.73704089399415
04/09/2017,25.71308629586358
05/09/2017,25.658026473294804
06/09/2017,25.595816024418397
07/09/2017,25.6698250067024
08/09/2017,25.677333164325415
09/09/2017,25.700572699825223
10/09/2017,25.677690695640795
11/09/2017,25.679120820902323
12/09/2017,25.709153451394382
13/09/2017,25.70522060692518
14/09/2017,25.654451160140987
15/09/2017,25.624060998333547
16/09/2017,25.66553463091782
17/09/2017,25.565068331295574
18/09/2017,25.56578339392634
19/09/2017,25.640864970156485
20/09/2017,25.597246149679926
21/09/2017,25.630854093325798
22/09/2017,25.64336768936416
23/09/2017,25.68984676036377
24/09/2017,25.697354917986786
25/09/2017,25.60046393151836
26/09/2017,25.632284218587326
27/09/2017,25.630139030695037
28/09/2017,25.59867627494145
29/09/2017,25.57507920812626
30/09/2017,25.62477606096431
01/10/2017,25.643010158048774
02/10/2017,25.64372522067954
03/10/2017,25.627636311487365
04/10/2017,25.581872303118512
05/10/2017,25.571146363657064
06/10/2017,25.626206186225836
07/10/2017,25.620843216495114
08/10/2017,25.62227334175664
09/10/2017,25.62727878017198
10/10/2017,25.617625434656677
11/10/2017,25.659456598556332
12/10/2017,25.646943002517972
13/10/2017,25.64158003278725
14/10/2017,25.655881285402515
15/10/2017,25.664462036971674
16/10/2017,25.629781499379654
17/10/2017,25.69628232404064
18/10/2017,25.637647188318052
19/10/2017,25.612262464925955
20/10/2017,25.67626057037927
21/10/2017,25.681981071425376
22/10/2017,25.69199194825606
23/10/2017,25.70665073218671
24/10/2017,25.664462036971674
25/10/2017,25.66124425513324
26/10/2017,25.64873065909488
27/10/2017,25.65516622277175
28/10/2017,25.659814129871712
29/10/2017,25.632284218587326
30/10/2017,25.608329620456754
31/10/2017,25.59867627494145
01/11/2017,25.584375022326185
02/11/2017,25.57686686470317
03/11/2017,25.586520210218474
04/11/2017,25.56220808077252
05/11/2017,25.59688861836454
06/11/2017,25.62048568517973
07/11/2017,25.62727878017198
08/11/2017,25.63299928121809
09/11/2017,25.62477606096431
10/11/2017,25.621200747810494
11/11/2017,25.58580514758771
12/11/2017,25.578296989964695
13/11/2017,25.61190493361057
14/11/2017,25.58365995969542
15/11/2017,25.694852198779113
16/11/2017,25.665177099602438
17/11/2017,25.64372522067954
18/11/2017,25.630854093325798
19/11/2017,25.63550200042576
20/11/2017,25.662674380394765
21/11/2017,25.653021034879462
22/11/2017,25.654451160140987
23/11/2017,25.66303191171015
24/11/2017,25.634786937794996
25/11/2017,25.575794270757026
26/11/2017,25.59688861836454
27/11/2017,25.61583777807977
28/11/2017,25.6133350588721
29/11/2017,25.582229834433896
30/11/2017,25.556487579726415
01/12/2017,25.558275236303324
02/12/2017,25.548264359472636
03/12/2017,25.571861426287825
04/12/2017,25.5489794221034
05/12/2017,25.52717001186512
06/12/2017,25.572934020233973
07/12/2017,25.594743430472253
08/12/2017,25.644797814625683
09/12/2017,25.652305972248698
10/12/2017,25.624060998333547
11/12/2017,25.625491123595076
12/12/2017,25.612977527556716
13/12/2017,25.6094022144029
14/12/2017,25.61369259018748
15/12/2017,25.584375022326185
16/12/2017,25.587235272849238
17/12/2017,25.578296989964695
18/12/2017,25.569358707080156
19/12/2017,25.532890512911226
20/12/2017,25.54719176552649
21/12/2017,25.55720264235718
22/12/2017,25.57221895760321
23/12/2017,25.566855987872483
24/12/2017,25.557917704987943
25/12/2017,25.56435326866481
26/12/2017,25.573291551549353
27/12/2017,25.547906828157256
28/12/2017,25.549336953418784
29/12/2017,25.55756017367256
30/12/2017,25.55541498578027
31/12/2017,25.58365995969542
01/01/2018,25.595458493103017
02/01/2018,25.57507920812626
03/01/2018,25.56185054945714
04/01/2018,25.557917704987943
05/01/2018,25.530745325018938
06/01/2018,25.536823357380424
07/01/2018,25.54433151500344
08/01/2018,25.51429888451138
09/01/2018,25.50786332083451
10/01/2018,25.549336953418784
11/01/2018,25.59653108704916
12/01/2018,25.63514446911038
13/01/2018,25.624060998333547
14/01/2018,25.599391337572214
15/01/2018,25.597961212310686
16/01/2018,25.603324182041412
17/01/2018,25.586162678903094
18/01/2018,25.586520210218474
19/01/2018,25.57686686470317
20/01/2018,25.56614092524172
21/01/2018,25.556130048411035
22/01/2018,25.55112460999569
23/01/2018,25.559705361564852
24/01/2018,25.58509008495695
25/01/2018,25.60046393151836
26/01/2018,25.57686686470317
27/01/2018,25.56614092524172
28/01/2018,25.569716238395536
29/01/2018,25.569716238395536
30/01/2018,25.576509333387786
31/01/2018,25.62906643674889
01/02/2018,25.64408275199492
02/02/2018,25.653736097510226
03/02/2018,25.615122715449008
04/02/2018,25.591525648633816
05/02/2018,25.58544761627233
06/02/2018,25.582229834433896
07/02/2018,25.563280674718666
08/02/2018,25.660886723817857
09/02/2018,25.629423968064273
10/02/2018,25.5918831799492
11/02/2018,25.56363820603405
12/02/2018,25.578296989964695
13/02/2018,25.578296989964695
14/02/2018,25.586520210218474
15/02/2018,25.616910372025913
16/02/2018,25.625848654910456
17/02/2018,25.632641749902707
18/02/2018,25.64193756410263
19/02/2018,25.625491123595076
20/02/2018,25.629781499379654
21/02/2018,25.637647188318052
22/02/2018,25.677333164325415
23/02/2018,25.64801559646412
24/02/2018,25.65516622277175
25/02/2018,25.682338602740757
26/02/2018,25.733823112155715
27/02/2018,25.73310804952495
28/02/2018,25.73346558084033
01/03/2018,25.736683362678768
02/03/2018,25.757420178970904
03/03/2018,25.759565366863193
04/03/2018,25.748839427401744
05/03/2018,25.733823112155715
06/03/2018,25.70665073218671
07/03/2018,25.702360356402128
08/03/2018,25.700572699825223
09/03/2018,25.69020429167915
10/03/2018,25.725242360586556
11/03/2018,25.686628978525338
12/03/2018,25.68305366537152
13/03/2018,25.73310804952495
14/03/2018,25.728817673740373
15/03/2018,25.695567261409877
16/03/2018,25.63371434384885
17/03/2018,25.595816024418397
18/03/2018,25.67447291380236
19/03/2018,25.710941107971287
20/03/2018,25.71308629586358
21/03/2018,25.742046332409494
22/03/2018,25.7613530234401
23/03/2018,25.786380215516818
24/03/2018,25.75241474055556
25/03/2018,25.685556384579193
26/03/2018,25.725957423217316
27/03/2018,25.75026955266327
28/03/2018,25.776726870001514
29/03/2018,25.78316243367838
30/03/2018,25.779587120524567
31/03/2018,25.75455992844785
01/04/2018,25.744549051617163
02/04/2018,25.673042788540833
03/04/2018,25.740616207147966
04/04/2018,25.730962861632662
05/04/2018,25.725599891901936
06/04/2018,25.716304077702013
07/04/2018,25.752772271870942
08/04/2018,25.653021034879462
09/04/2018,25.69806998061755
10/04/2018,25.70629320087133
11/04/2018,25.73310804952495
12/04/2018,25.755274991078615
13/04/2018,25.762425617386246
14/04/2018,25.773509088163078
15/04/2018,25.73310804952495
16/04/2018,25.796748623662886
17/04/2018,25.816412846008877
18/04/2018,25.838222256247157
19/04/2018,25.858959072539292
20/04/2018,25.84930572702399
21/04/2018,25.84751807044708
22/04/2018,25.837507193616393
23/04/2018,25.835362005724104
24/04/2018,25.844657819924027
25/04/2018,25.83250175520105
26/04/2018,25.828926442047234
27/04/2018,25.829641504677998
28/04/2018,25.816770377324257
29/04/2018,25.823563472316508
30/04/2018,25.87111513726227
01/05/2018,25.881126014092956
02/05/2018,25.837149662301012
03/05/2018,25.745264114247927
04/05/2018,25.725599891901936
05/05/2018,25.79603356103212
06/05/2018,25.827138785470325
07/05/2018,25.87111513726227
08/05/2018,25.880053420146808
09/05/2018,25.83214422388567
10/05/2018,25.829641504677998
11/05/2018,25.86253438569311
12/05/2018,25.865394636216163
13/05/2018,25.837149662301012
14/05/2018,25.794603435770597
15/05/2018,25.74955449003251
16/05/2018,25.818915565216546
17/05/2018,25.842155100716354
18/05/2018,25.852881040177806
19/05/2018,25.902220361700472
20/05/2018,25.86503710490078
21/05/2018,25.861461791746965
22/05/2018,25.84966325833937
23/05/2018,25.836077068354868
24/05/2018,25.84144003808559
25/05/2018,25.815340252062732
26/05/2018,25.822848409685747
27/05/2018,25.84144003808559
28/05/2018,25.856813884647003
29/05/2018,25.950129557961613
30/05/2018,25.929750272984858
31/05/2018,25.901147767754328
01/06/2018,25.833574349147195
02/06/2018,25.69163441694068
03/06/2018,25.848233133077844
04/06/2018,25.8821986080391
05/06/2018,25.858601541223912
06/06/2018,25.76349821133239
07/06/2018,25.737755956624913
08/06/2018,25.710583576655907
09/06/2018,25.716661609017397
10/06/2018,25.766000930540063
11/06/2018,25.716661609017397
12/06/2018,25.745621645563308
13/06/2018,25.788525403409107
14/06/2018,25.8257086602088
15/06/2018,25.86932748068536
16/06/2018,25.852165977547042
17/06/2018,25.86753982410845
18/06/2018,25.823205941001127
19/06/2018,25.859316603854673
20/06/2018,25.896142329338986
21/06/2018,25.86110426043158
22/06/2018,25.738828550571057
23/06/2018,25.696997386671406
24/06/2018,25.760637960809337
25/06/2018,25.8042567812859
26/06/2018,25.779587120524567
27/06/2018,25.707723326132854
28/06/2018,25.62656371754122
29/06/2018,25.698785043248314
30/06/2018,25.760280429493957
01/07/2018,25.658026473294804
02/07/2018,25.77636933868613
03/07/2018,25.67161266327931
04/07/2018,25.71523148375587
05/07/2018,25.753129803186322
06/07/2018,25.67232772591007
07/07/2018,25.54182879579577
08/07/2018,25.50750578951913
09/07/2018,25.5840174910108
10/07/2018,25.58330242838004
11/07/2018,25.556487579726415
12/07/2018,25.52895766844203
13/07/2018,25.567213519187867
14/07/2018,25.544689046318823
15/07/2018,25.533248044226607
16/07/2018,25.58759280416462
17/07/2018,25.66803735012549
18/07/2018,25.701287762455983
19/07/2018,25.674830445117742
20/07/2018,25.58759280416462
21/07/2018,25.624418529648928
22/07/2018,25.64622793988721
23/07/2018,25.710583576655907
24/07/2018,25.730962861632662
25/07/2018,25.729532736371134
26/07/2018,25.722382110063503
27/07/2018,25.698785043248314
28/07/2018,25.6834111966869
29/07/2018,25.718806796909686
30/07/2018,25.764213273963154
31/07/2018,25.742046332409494
01/08/2018,25.75420239713247
02/08/2018,25.72667248584808
03/08/2018,25.738471019255677
04/08/2018,25.74347645767102
05/08/2018,25.708795920078998
06/08/2018,25.675545507748506
07/08/2018,25.61405012150286
08/08/2018,25.6054693699337
09/08/2018,25.71809173427892
10/08/2018,25.55577251709565
11/08/2018,25.50714825820375
12/08/2018,25.518231728980577
13/08/2018,25.516444072403672
14/08/2018,25.54433151500344
15/08/2018,25.478545752973215
16/08/2018,25.536465826065044
17/08/2018,25.632284218587326
18/08/2018,25.61548024676439
19/08/2018,25.49070181769619
20/08/2018,25.487484035857758
21/08/2018,25.630139030695037
22/08/2018,25.662316849079385
23/08/2018,25.673757851171597
24/08/2018,25.637647188318052
25/08/2018,25.655881285402515
26/08/2018,25.601894056779884
27/08/2018,25.6054693699337
28/08/2018,25.639077313579577
29/08/2018,25.672685257225453
30/08/2018,25.705935669555945
31/08/2018,25.667322287494727
01/09/2018,25.635859531741144
02/09/2018,25.659814129871712
03/09/2018,25.68948922904839
04/09/2018,25.695209730094497
05/09/2018,25.67018253801778
06/09/2018,25.652663503564078
07/09/2018,25.64622793988721
08/09/2018,25.700572699825223
09/09/2018,25.722382110063503
10/09/2018,25.74848189608636
11/09/2018,25.74991202134789
12/09/2018,25.71165617060205
13/09/2018,25.703790481663656
14/09/2018,25.731320392948042
15/09/2018,25.74955449003251
16/09/2018,25.72023692217121
17/09/2018,25.623345935702783
18/09/2018,25.616910372025913
19/09/2018,25.607614557825993
20/09/2018,25.57507920812626
21/09/2018,25.547906828157256
22/09/2018,25.638004719633432
23/09/2018,25.661959317764
24/09/2018,25.670897600648544
25/09/2018,25.700572699825223
26/09/2018,25.675903039063886
27/09/2018,25.67697563301003
28/09/2018,25.673757851171597
29/09/2018,25.697712449302166
30/09/2018,25.715946546386633
01/10/2018,25.7048630756098
02/10/2018,25.71165617060205
03/10/2018,25.710226045340526
04/10/2018,25.69163441694068
05/10/2018,25.670540069333164
06/10/2018,25.69377960483297
07/10/2018,25.68984676036377
08/10/2018,25.703075419032892
09/10/2018,25.718449265594302
10/10/2018,25.674115382486978
11/10/2018,25.69628232404064
12/10/2018,25.710226045340526
13/10/2018,25.716304077702013
14/10/2018,25.705935669555945
15/10/2018,25.6873440411561
16/10/2018,25.653736097510226
17/10/2018,25.619413091233586
18/10/2018,25.601536525464503
19/10/2018,25.66124425513324
20/10/2018,25.67626057037927
21/10/2018,25.69377960483297
22/10/2018,25.703075419032892
23/10/2018,25.69842751193293
24/10/2018,25.670897600648544
25/10/2018,25.68090847747923
26/10/2018,25.6834111966869
27/10/2018,25.69377960483297
28/10/2018,25.67626057037927
29/10/2018,25.66160178644862
30/10/2018,25.6483731277795
31/10/2018,25.61977062254897
01/11/2018,25.577939458649315
02/11/2018,25.590810586003055
03/11/2018,25.649445721725645
04/11/2018,25.658384004610188
05/11/2018,25.67661810169465
06/11/2018,25.68519885326381
07/11/2018,25.670540069333164
08/11/2018,25.660171661187093
09/11/2018,25.66303191171015
10/11/2018,25.67161266327931
11/11/2018,25.665177099602438
12/11/2018,25.64014990752572
13/11/2018,25.682696134056137
14/11/2018,25.688774166417627
15/11/2018,25.654451160140987
16/11/2018,25.640864970156485
17/11/2018,25.637647188318052
18/11/2018,25.655881285402515
19/11/2018,25.66303191171015
20/11/2018,25.64229509541801
21/11/2018,25.60511183861832
22/11/2018,25.554342391834126
23/11/2018,25.579727115226223
24/11/2018,25.62227334175664
25/11/2018,25.60296665072603
26/11/2018,25.596173555733778
27/11/2018,25.571146363657064
28/11/2018,25.588665398110763
29/11/2018,25.586162678903094
30/11/2018,25.59045305468767
01/12/2018,25.580442177856987
02/12/2018,25.55720264235718
03/12/2018,25.571146363657064
04/12/2018,25.508220852149893
05/12/2018,25.54218632711115
06/12/2018,25.58544761627233
07/12/2018,25.58509008495695
08/12/2018,25.58580514758771
09/12/2018,25.574006614180117
10/12/2018,25.55541498578027
11/12/2018,25.565068331295574
12/12/2018,25.59224071126458
13/12/2018,25.553627329203362
14/12/2018,25.53360557554199
15/12/2018,25.521807042134395
16/12/2018,25.414905178835284
17/12/2018,25.30621565895926
18/12/2018,25.366995982574142
19/12/2018,25.405251833319976
20/12/2018,25.476758096396306
21/12/2018,25.504288007680696
22/12/2018,25.52931519975741
23/12/2018,25.529672731072793
24/12/2018,25.5353932321189
25/12/2018,25.54719176552649
26/12/2018,25.562565612087905
27/12/2018,25.55112460999569
28/12/2018,25.488914161119283
29/12/2018,25.491774411642336
30/12/2018,25.480333409550123
31/12/2018,25.47747315902707
01/01/2019,25.531102856334318
02/01/2019,25.541113733165005
03/01/2019,25.562923143403285
04/01/2019,25.531102856334318
05/01/2019,25.51894679161134
06/01/2019,25.51251122793447
07/01/2019,25.542901389741914
08/01/2019,25.549694484734164
09/01/2019,25.552912266572598
10/01/2019,25.532890512911226
11/01/2019,25.524309761342067
12/01/2019,25.517159135034433
13/01/2019,25.530745325018938
14/01/2019,25.54182879579577
15/01/2019,25.55577251709565
16/01/2019,25.539326076588097
17/01/2019,25.544689046318823
18/01/2019,25.56399573734943
19/01/2019,25.56220808077252
20/01/2019,25.569358707080156
21/01/2019,25.552197203941837
22/01/2019,25.550052016049545
23/01/2019,25.538253482641952
24/01/2019,25.556130048411035
25/01/2019,25.55505745446489
26/01/2019,25.4924894742731
27/01/2019,25.44279262143505
28/01/2019,25.339466071289753
29/01/2019,25.46281437509642
30/01/2019,25.491774411642336
31/01/2019,25.644440283310303
01/02/2019,25.51251122793447
02/02/2019,25.530030262388173
03/02/2019,25.53789595132657
04/02/2019,25.56614092524172
05/02/2019,25.5840174910108
06/02/2019,25.58580514758771
07/02/2019,25.57901205259546
08/02/2019,25.577581927333934
09/02/2019,25.549336953418784
10/02/2019,25.60511183861832
11/02/2019,25.576509333387786
12/02/2019,25.57901205259546
13/02/2019,25.59367083652611
14/02/2019,25.608687151772138
15/02/2019,25.630496562010418
16/02/2019,25.625491123595076
17/02/2019,25.638362250948813
18/02/2019,25.652663503564078
19/02/2019,25.664819568287054
20/02/2019,25.64336768936416
21/02/2019,25.659456598556332
22/02/2019,25.744549051617163
23/02/2019,25.772436494216933
24/02/2019,25.755990053709375
25/02/2019,25.72452729795579
26/02/2019,25.68305366537152
27/02/2019,25.649445721725645
28/02/2019,25.644440283310303
01/03/2019,25.652663503564078
02/03/2019,25.640864970156485
03/03/2019,25.658026473294804
04/03/2019,25.715589015071252
05/03/2019,25.737755956624913
06/03/2019,25.740616207147966
07/03/2019,25.732392986894187
08/03/2019,25.702002825086748
09/03/2019,25.714516421125104
10/03/2019,25.736325831363388
11/03/2019,25.729532736371134
12/03/2019,25.74597917687869
13/03/2019,25.75455992844785
14/03/2019,25.775296744739986
15/03/2019,25.76743105580159
16/03/2019,25.72130951611736
17/03/2019,25.701287762455983
18/03/2019,25.664819568287054
19/03/2019,25.707723326132854
20/03/2019,25.696997386671406
21/03/2019,25.71308629586358
22/03/2019,25.717019140332777
23/03/2019,25.746694239509456
24/03/2019,25.750984615294033
25/03/2019,25.745621645563308
26/03/2019,25.74133126977873
27/03/2019,25.7692187123785
28/03/2019,25.79353084182445
29/03/2019,25.783877496309145
30/03/2019,25.794603435770597
31/03/2019,25.84751807044708
01/04/2019,25.820703221793455
02/04/2019,25.79817874892441
03/04/2019,25.76778858711697
04/04/2019,25.75634758502476
05/04/2019,25.80675950049357
06/04/2019,25.811764938908915
07/04/2019,25.825351128893416
08/04/2019,25.801038999447464
09/04/2019,25.783877496309145
10/04/2019,25.809977282332007
11/04/2019,25.820703221793455
12/04/2019,25.818558033901166
13/04/2019,25.848590664393225
14/04/2019,25.839652381508685
15/04/2019,25.852881040177806
16/04/2019,25.831786692570287
17/04/2019,25.811764938908915
18/04/2019,25.77779946394766
19/04/2019,25.76492833659392
20/04/2019,25.779587120524567
21/04/2019,25.787810340778343
22/04/2019,25.770648837640024
23/04/2019,25.78959799735525
24/04/2019,25.820345690478074
25/04/2019,25.856813884647003
26/04/2019,25.873260325154558
27/04/2019,25.86503710490078
28/04/2019,25.842512632031735
29/04/2019,25.861819323062345
30/04/2019,25.848590664393225
01/05/2019,25.829283973362614
02/05/2019,25.856813884647003
03/05/2019,25.937258430607873
04/05/2019,25.936543367977112
05/05/2019,25.97050884293837
06/05/2019,25.939403618500165
07/05/2019,25.937615961923257
08/05/2019,25.930822866931003
09/05/2019,25.940118681130926
10/05/2019,25.94762683875394
11/05/2019,25.908298394061962
12/05/2019,25.850735852285514
13/05/2019,25.87361785646994
14/05/2019,25.872187731208413
15/05/2019,25.87576304436223
16/05/2019,25.88648898382368
17/05/2019,25.888276640400587
18/05/2019,25.936900899292493
19/05/2019,25.939761149815546
20/05/2019,25.93225299219253
21/05/2019,25.93368311745406
22/05/2019,25.909728519323487
23/05/2019,25.910086050638867
24/05/2019,25.92367224062337
25/05/2019,25.94762683875394
26/05/2019,25.986955283445923
27/05/2019,25.946554244807796
28/05/2019,25.969436248992224
29/05/2019,25.961213028738445
30/05/2019,25.852881040177806
31/05/2019,25.91759420826188
01/06/2019,25.86968501200074
02/06/2019,25.964788341892262
03/06/2019,25.89113689092364
04/06/2019,25.866824761477687
05/06/2019,25.948341901384705
06/06/2019,25.91080111326963
07/06/2019,25.86932748068536
08/06/2019,25.844657819924027
09/06/2019,25.917951739577266
10/06/2019,25.89113689092364
11/06/2019,25.959067840846153
12/06/2019,25.96192809136921
13/06/2019,25.894712204077457
14/06/2019,25.893997141446693
15/06/2019,25.944051525600127
16/06/2019,25.925102365884896
17/06/2019,25.82642372283956
18/06/2019,25.893639610131313
19/06/2019,25.946196713492416
20/06/2019,25.881841076723717
21/06/2019,25.73346558084033
22/06/2019,25.74812436477098
23/06/2019,25.698785043248314
24/06/2019,25.7477668334556
25/06/2019,25.759207835547812
26/06/2019,25.69985763719446
27/06/2019,25.848233133077844
28/06/2019,25.798893811555175
29/06/2019,25.713801358494344
30/06/2019,25.67626057037927
01/07/2019,25.634071875164235
02/07/2019,25.64873065909488
03/07/2019,25.703790481663656
04/07/2019,25.76743105580159
05/07/2019,25.668752412756255
06/07/2019,25.69985763719446
07/07/2019,25.761710554755485
08/07/2019,25.77636933868613
09/07/2019,25.75491745976323
10/07/2019,25.79353084182445
11/07/2019,25.784235027624526
12/07/2019,25.775296744739986
13/07/2019,25.808904688385862
14/07/2019,25.750984615294033
15/07/2019,25.748839427401744
16/07/2019,25.781374777101473
17/07/2019,25.79746368629365
18/07/2019,25.760637960809337
19/07/2019,25.63514446911038
20/07/2019,25.627993842802745
21/07/2019,25.68984676036377
22/07/2019,25.692349479571444
23/07/2019,25.62870890543351
24/07/2019,25.73525323741724
25/07/2019,25.698785043248314
26/07/2019,25.538611013957333
27/07/2019,25.531817918965082
28/07/2019,25.49070181769619
29/07/2019,25.504645538996076
30/07/2019,25.599748868887595
31/07/2019,25.69842751193293
01/08/2019,25.609044683087518
02/08/2019,25.42277086777368
03/08/2019,25.523952230026687
04/08/2019,25.621558279125875
05/08/2019,25.62656371754122
06/08/2019,25.54004113921886
07/08/2019,25.538253482641952
08/08/2019,25.607614557825993
09/08/2019,25.695567261409877
10/08/2019,25.700572699825223
11/08/2019,25.69199194825606
12/08/2019,25.683768728002285
13/08/2019,25.651948440933317
14/08/2019,25.686271447209954
15/08/2019,25.702360356402128
16/08/2019,25.722739641378883
17/08/2019,25.68090847747923
18/08/2019,25.62477606096431
19/08/2019,25.70665073218671
20/08/2019,25.649088190410264
21/08/2019,25.61405012150286
22/08/2019,25.64158003278725
23/08/2019,25.575436739441642
24/08/2019,25.645870408571827
25/08/2019,25.653378566194842
26/08/2019,25.670897600648544
27/08/2019,25.703075419032892
28/08/2019,25.707723326132854
29/08/2019,25.72130951611736
30/08/2019,25.712013701917435
31/08/2019,25.58365995969542
01/09/2019,25.481406003496268
02/09/2019,25.54254385842653
03/09/2019,25.52073444818825
04/09/2019,25.55720264235718
05/09/2019,25.61977062254897
06/09/2019,25.58759280416462
07/09/2019,25.59438589915687
08/09/2019,25.614407652818244
09/09/2019,25.680550946163848
10/09/2019,25.682338602740757
11/09/2019,25.651948440933317
12/09/2019,25.62012815386435
13/09/2019,25.65731141066404
14/09/2019,25.667679818810107
15/09/2019,25.639434844894957
16/09/2019,25.666249693548583
17/09/2019,25.56578339392634
18/09/2019,25.558990298934088
19/09/2019,25.565068331295574
20/09/2019,25.601536525464503
21/09/2019,25.64193756410263
22/09/2019,25.651233378302553
23/09/2019,25.64014990752572
24/09/2019,25.562565612087905
25/09/2019,25.560777955510996
26/09/2019,25.539683607903477
27/09/2019,25.60082146283374
28/09/2019,25.622630873072023
29/09/2019,25.625133592279692
30/09/2019,25.61869802860282
01/10/2019,25.666249693548583
02/10/2019,25.664819568287054
03/10/2019,25.65480869145637
04/10/2019,25.64873065909488
05/10/2019,25.63514446911038
06/10/2019,25.63728965700267
07/10/2019,25.655523754087135
08/10/2019,25.610474808349046
09/10/2019,25.606541963879845
10/10/2019,25.601536525464503
11/10/2019,25.62870890543351
12/10/2019,25.649088190410264
13/10/2019,25.643010158048774
14/10/2019,25.64193756410263
15/10/2019,25.617267903341297
16/10/2019,25.491416880326955
17/10/2019,25.518231728980577
18/10/2019,25.563280674718666
19/10/2019,25.530387793703554
20/10/2019,25.536465826065044
21/10/2019,25.50357294504993
22/10/2019,25.431709150658218
23/10/2019,25.50321541373455
24/10/2019,25.58580514758771
25/10/2019,25.575436739441642
26/10/2019,25.630496562010418
27/10/2019,25.615122715449008
28/10/2019,25.638719782264197
29/10/2019,25.57722439601855
30/10/2019,25.50786332083451
31/10/2019,25.538253482641952
01/11/2019,25.621558279125875
02/11/2019,25.62727878017198
03/11/2019,25.631926687271942
04/11/2019,25.649803253041025
05/11/2019,25.64873065909488
06/11/2019,25.636932125687288
07/11/2019,25.629781499379654
08/11/2019,25.607614557825993
09/11/2019,25.634786937794996
10/11/2019,25.64801559646412
11/11/2019,25.621200747810494
12/11/2019,25.616552840710533
13/11/2019,25.578296989964695
14/11/2019,25.56220808077252
15/11/2019,25.52681248054974
16/11/2019,25.595816024418397
17/11/2019,25.627636311487365
18/11/2019,25.624060998333547
19/11/2019,25.60082146283374
20/11/2019,25.586877741533854
21/11/2019,25.579727115226223
22/11/2019,25.5840174910108
23/11/2019,25.578296989964695
24/11/2019,25.578296989964695
25/11/2019,25.571861426287825
26/11/2019,25.56399573734943
27/11/2019,25.55720264235718
28/11/2019,25.57507920812626
29/11/2019,25.601536525464503
30/11/2019,25.595100961787633
01/12/2019,25.48355119138856
02/12/2019,25.47068006403482
03/12/2019,25.504288007680696
04/12/2019,25.5489794221034
05/12/2019,25.513226290565235
06/12/2019,25.508935914780658
07/12/2019,25.52216457344978
08/12/2019,25.54862189078802
09/12/2019,25.550052016049545
10/12/2019,25.552197203941837
11/12/2019,25.553984860518746
12/12/2019,25.559705361564852
13/12/2019,25.581514771803132
14/12/2019,25.5568451110418
15/12/2019,25.5489794221034
16/12/2019,25.56220808077252
17/12/2019,25.543258921057294
18/12/2019,25.538611013957333
19/12/2019,25.54004113921886
20/12/2019,25.546119171580347
21/12/2019,25.52931519975741
22/12/2019,25.530745325018938
23/12/2019,25.515013947142144
24/12/2019,25.521449510819014
25/12/2019,25.554342391834126
26/12/2019,25.512868759249855
27/12/2019,25.532890512911226
28/12/2019,25.489271692434667
29/12/2019,25.46638968825024
30/12/2019,25.480690940865507
31/12/2019,25.47926081560398
01/01/2020,25.53396310685737
02/01/2020,25.4924894742731
03/01/2020,25.521807042134395
04/01/2020,25.49213194295772
05/01/2020,25.475685502450162
06/01/2020,25.472110189296345
07/01/2020,25.511081102672946
08/01/2020,25.523952230026687
09/01/2020,25.536823357380424
10/01/2020,25.495349724796153
11/01/2020,25.52287963608054
12/01/2020,25.5353932321189
13/01/2020,25.56435326866481
14/01/2020,25.558275236303324
15/01/2020,25.530030262388173
16/01/2020,25.55112460999569
17/01/2020,25.561135486826377
18/01/2020,25.557917704987943
19/01/2020,25.56828611313401
20/01/2020,25.580799709172368
21/01/2020,25.569358707080156
22/01/2020,25.579727115226223
23/01/2020,25.577581927333934
24/01/2020,25.588665398110763
25/01/2020,25.596173555733778
26/01/2020,25.611189870979807
27/01/2020,25.645155345941063
28/01/2020,25.614765184133624
29/01/2020,25.61369259018748
30/01/2020,25.59367083652611
31/01/2020,25.59831874362607
01/02/2020,25.587235272849238
02/02/2020,25.56149301814176
03/02/2020,25.57221895760321
04/02/2020,25.5840174910108
05/02/2020,25.614765184133624
06/02/2020,25.60725702651061
07/02/2020,25.59653108704916
08/02/2020,25.551839672626453
09/02/2020,25.474970439819398
10/02/2020,25.49427713085001
11/02/2020,25.543616452372675
12/02/2020,25.565068331295574
13/02/2020,25.608329620456754
14/02/2020,25.66803735012549
15/02/2020,25.66160178644862
16/02/2020,25.64873065909488
17/02/2020,25.636217063056524
18/02/2020,25.630139030695037
19/02/2020,25.602609119410648
20/02/2020,25.60082146283374
21/02/2020,25.592955773895344
22/02/2020,25.614407652818244
23/02/2020,25.608687151772138
24/02/2020,25.639434844894957
25/02/2020,25.621200747810494
26/02/2020,25.612262464925955
27/02/2020,25.61834049728744
28/02/2020,25.59438589915687
29/02/2020,25.621558279125875
01/03/2020,25.60725702651061
02/03/2020,25.625848654910456
03/03/2020,25.642652626733394
04/03/2020,25.67804822695618
05/03/2020,25.63299928121809
06/03/2020,25.623345935702783
07/03/2020,25.59831874362607
08/03/2020,25.60725702651061
09/03/2020,25.62048568517973
10/03/2020,25.670540069333164
11/03/2020,25.658026473294804
12/03/2020,25.65909906724095
13/03/2020,25.672685257225453
14/03/2020,25.659814129871712
15/03/2020,25.649445721725645
16/03/2020,25.666249693548583
17/03/2020,25.701645293771367
18/03/2020,25.716304077702013
19/03/2020,25.732035455578806
20/03/2020,25.695209730094497
21/03/2020,25.699500105879075
22/03/2020,25.700572699825223
23/03/2020,25.695209730094497
24/03/2020,25.689131697733007
25/03/2020,25.698785043248314
26/03/2020,25.71308629586358
27/03/2020,25.748839427401744
28/03/2020,25.766358461855443
29/03/2020,25.779587120524567
30/03/2020,25.75455992844785
31/03/2020,25.774581682109222
01/04/2020,25.796391092347502
02/04/2020,25.790313059986016
03/04/2020,25.708795920078998
04/04/2020,25.703075419032892
05/04/2020,25.750627083978653
06/04/2020,25.751699677924798
07/04/2020,25.764213273963154
08/04/2020,25.788525403409107
09/04/2020,25.66160178644862
10/04/2020,25.710941107971287
11/04/2020,25.742761395040255
12/04/2020,25.77779946394766
13/04/2020,25.805329375232045
14/04/2020,25.770648837640024
15/04/2020,25.75634758502476
16/04/2020,25.770291306324644
17/04/2020,25.788525403409107
18/04/2020,25.768861181063116
19/04/2020,25.731677924263426
20/04/2020,25.76743105580159
21/04/2020,25.78244737104762
22/04/2020,25.78495009025529
23/04/2020,25.808189625755098
24/04/2020,25.809262219701242
25/04/2020,25.807832094439718
26/04/2020,25.794245904455213
27/04/2020,25.763855742647774
28/04/2020,25.73525323741724
29/04/2020,25.76957624369388
30/04/2020,25.79782121760903
01/05/2020,25.83214422388567
02/05/2020,25.80640196917819
03/05/2020,25.86503710490078
04/05/2020,25.844657819924027
05/05/2020,25.84072497545483
06/05/2020,25.81963062784731
07/05/2020,25.8042567812859
08/05/2020,25.824993597578036
09/05/2020,25.831786692570287
10/05/2020,25.77851452657842
11/05/2020,25.79138565393216
12/05/2020,25.802469124708992
13/05/2020,25.79603356103212
14/05/2020,25.798536280239794
15/05/2020,25.81283753285506
16/05/2020,25.824993597578036
17/05/2020,25.82141828442422
18/05/2020,25.846087945185552
19/05/2020,25.878980826200664
20/05/2020,25.967648592415316
21/05/2020,26.015915319991837
22/05/2020,25.98624022081516
23/05/2020,25.959782903476917
24/05/2020,25.916164083000357
25/05/2020,25.88470132724677
26/05/2020,25.883628733300625
27/05/2020,25.916521614315737
28/05/2020,25.924744834569516
29/05/2020,25.951559683223138
30/05/2020,25.860031666485437
31/05/2020,25.86289191700849
01/06/2020,25.800323936816703
02/06/2020,25.810334813647387
03/06/2020,25.76743105580159
04/06/2020,25.786380215516818
05/06/2020,25.830356567308762
06/06/2020,25.86253438569311
07/06/2020,25.879338357516048
08/06/2020,25.852881040177806
09/06/2020,25.851093383600897
10/06/2020,25.767073524486207
11/06/2020,25.59367083652611
12/06/2020,25.603324182041412
13/06/2020,25.71987939085583
14/06/2020,25.77136390027079
15/06/2020,25.74597917687869
16/06/2020,25.708795920078998
17/06/2020,25.667679818810107
18/06/2020,25.68305366537152
19/06/2020,25.76349821133239
20/06/2020,25.765643399224682
21/06/2020,25.67447291380236
22/06/2020,25.7263149545327
23/06/2020,25.77172143158617
24/06/2020,25.789955528670635
25/06/2020,25.768861181063116
26/06/2020,25.73310804952495
27/06/2020,25.768503649747736
28/06/2020,25.752772271870942
29/06/2020,25.725957423217316
30/06/2020,25.713801358494344
01/07/2020,25.694494667463733
02/07/2020,25.697354917986786
03/07/2020,25.658384004610188
04/07/2020,25.586162678903094
05/07/2020,25.55076707868031
06/07/2020,25.55756017367256
07/07/2020,25.72452729795579
08/07/2020,25.699500105879075
09/07/2020,25.658384004610188
10/07/2020,25.620843216495114
11/07/2020,25.658384004610188
12/07/2020,25.67161266327931
13/07/2020,25.650875846987173
14/07/2020,25.591525648633816
15/07/2020,25.481048472180888
16/07/2020,25.55756017367256
17/07/2020,25.625491123595076
18/07/2020,25.661959317764
19/07/2020,25.668752412756255
20/07/2020,25.662674380394765
21/07/2020,25.687701572471482
22/07/2020,25.67876328958694
23/07/2020,25.501785288473023
24/07/2020,25.621558279125875
25/07/2020,25.63514446911038
26/07/2020,25.714158889809724
27/07/2020,25.72667248584808
28/07/2020,25.723812235325028
29/07/2020,25.666249693548583
30/07/2020,25.708080857448238
31/07/2020,25.66303191171015
01/08/2020,25.655881285402515
02/08/2020,25.683768728002285
03/08/2020,25.62870890543351
04/08/2020,25.595816024418397
05/08/2020,25.553627329203362
06/08/2020,25.671255131963925
07/08/2020,25.67447291380236
08/08/2020,25.677690695640795
09/08/2020,25.588665398110763
10/08/2020,25.50750578951913
11/08/2020,25.625848654910456
12/08/2020,25.498567506634586
13/08/2020,25.44922818511192
14/08/2020,25.437429651704328
15/08/2020,25.398101207012346
16/08/2020,25.44493780932734
17/08/2020,25.553627329203362
18/08/2020,25.63371434384885
19/08/2020,25.532532981595846
20/08/2020,25.452088435634973
21/08/2020,25.584732553641565
22/08/2020,25.625848654910456
23/08/2020,25.6094022144029
24/08/2020,25.63728965700267
25/08/2020,25.666249693548583
26/08/2020,25.60010640020298
27/08/2020,25.560062892880232
28/08/2020,25.637647188318052
29/08/2020,25.66803735012549
30/08/2020,25.69163441694068
31/08/2020,25.697354917986786
01/09/2020,25.67876328958694
02/09/2020,25.6269212488566
03/09/2020,25.664819568287054
04/09/2020,25.67018253801778
05/09/2020,25.674830445117742
06/09/2020,25.698785043248314
07/09/2020,25.697712449302166
08/09/2020,25.703432950348272
09/09/2020,25.70629320087133
10/09/2020,25.693064542202208
11/09/2020,25.612977527556716
12/09/2020,25.597961212310686
13/09/2020,25.49892503794997
14/09/2020,25.473897845873253
15/09/2020,25.489271692434667
16/09/2020,25.602251588095267
17/09/2020,25.62727878017198
18/09/2020,25.644440283310303
19/09/2020,25.546119171580347
20/09/2020,25.569716238395536
21/09/2020,25.558632767618704
22/09/2020,25.597603680995306
23/09/2020,25.6133350588721
24/09/2020,25.64873065909488
25/09/2020,25.640507438841105
26/09/2020,25.40775455252765
27/09/2020,25.569358707080156
28/09/2020,25.644440283310303
29/09/2020,25.597603680995306
30/09/2020,25.553984860518746
01/10/2020,25.59688861836454
02/10/2020,25.627993842802745
03/10/2020,25.64229509541801
04/10/2020,25.571146363657064
05/10/2020,25.621200747810494
06/10/2020,25.651590909617934
07/10/2020,25.57257648891859
08/10/2020,25.59367083652611
09/10/2020,25.611189870979807
10/10/2020,25.535035700803515
11/10/2020,25.45566374878879
12/10/2020,25.493562068219244
13/10/2020,25.467104750881003
14/10/2020,25.520019385557486
15/10/2020,25.571861426287825
16/10/2020,25.597246149679926
17/10/2020,25.602251588095267
18/10/2020,25.597603680995306
19/10/2020,25.636932125687288
20/10/2020,25.54397398368806
21/10/2020,25.517516666349817
22/10/2020,25.617267903341297
23/10/2020,25.644440283310303
24/10/2020,25.656238816717895
25/10/2020,25.650875846987173
26/10/2020,25.649803253041025
27/10/2020,25.635859531741144
28/10/2020,25.625491123595076
29/10/2020,25.594743430472253
30/10/2020,25.631926687271942
31/10/2020,25.647300533833356
01/11/2020,25.653378566194842
02/11/2020,25.662316849079385
03/11/2020,25.653736097510226
04/11/2020,25.622630873072023
05/11/2020,25.630139030695037
06/11/2020,25.610117277033662
07/11/2020,25.589022929426147
08/11/2020,25.59224071126458
09/11/2020,25.581157240487748
10/11/2020,25.55720264235718
11/11/2020,25.563280674718666
12/11/2020,25.47282525192711
13/11/2020,25.567928581818627
14/11/2020,25.62048568517973
15/11/2020,25.55577251709565
16/11/2020,25.52931519975741
17/11/2020,25.59009552337229
18/11/2020,25.59438589915687
19/11/2020,25.624418529648928
20/11/2020,25.62012815386435
21/11/2020,25.65731141066404
22/11/2020,25.629781499379654
23/11/2020,25.56363820603405
24/11/2020,25.559347830249468
25/11/2020,25.51215369661909
26/11/2020,25.34947694812044
27/11/2020,25.284048717405597
28/11/2020,25.420268148566006
29/11/2020,25.488914161119283
30/11/2020,25.560777955510996
01/12/2020,25.54647670289573
02/12/2020,25.545046577634203
03/12/2020,25.52287963608054
04/12/2020,25.56828611313401
05/12/2020,25.552912266572598
06/12/2020,25.5568451110418
07/12/2020,25.562923143403285
08/12/2020,25.580799709172368
09/12/2020,25.571861426287825
10/12/2020,25.57257648891859
11/12/2020,25.581157240487748
12/12/2020,25.552554735257218
13/12/2020,25.554342391834126
14/12/2020,25.553627329203362
15/12/2020,25.539683607903477
16/12/2020,25.550052016049545
17/12/2020,25.560062892880232
18/12/2020,25.552554735257218
19/12/2020,25.528600137126645
20/12/2020,25.51429888451138
21/12/2020,25.506433195572985
22/12/2020,25.51251122793447
23/12/2020,25.508578383465274
24/12/2020,25.512868759249855
25/12/2020,25.508935914780658
26/12/2020,25.513941353196
27/12/2020,25.53789595132657
28/12/2020,25.545046577634203
29/12/2020,25.5275275431805
30/12/2020,25.510008508726802
31/12/2020,25.504288007680696
01/01/2021,25.498567506634586
02/01/2021,25.496064787426917
03/01/2021,25.50321541373455
04/01/2021,25.523952230026687
05/01/2021,25.52931519975741
06/01/2021,25.458523999311844
07/01/2021,25.498567506634586
08/01/2021,25.554342391834126
09/01/2021,25.543616452372675
10/01/2021,25.559347830249468
11/01/2021,25.561135486826377
12/01/2021,25.57901205259546
13/01/2021,25.56828611313401
14/01/2021,25.57007376971092
15/01/2021,25.56578339392634
16/01/2021,25.565425862610958
17/01/2021,25.55505745446489
18/01/2021,25.530387793703554
19/01/2021,25.571503894972444
20/01/2021,25.61154740229519
21/01/2021,25.630139030695037
22/01/2021,25.59867627494145
23/01/2021,25.588665398110763
24/01/2021,25.604396775987556
25/01/2021,25.62227334175664
26/01/2021,25.607972089141374
27/01/2021,25.5840174910108
28/01/2021,25.573291551549353
29/01/2021,25.581157240487748
30/01/2021,25.595100961787633
31/01/2021,25.57936958391084
01/02/2021,25.563280674718666
02/02/2021,25.56185054945714
03/02/2021,25.567571050503247
04/02/2021,25.56185054945714
05/02/2021,25.577581927333934
06/02/2021,25.588307866795382
07/02/2021,25.57007376971092
08/02/2021,25.558990298934088
09/02/2021,25.567571050503247
10/02/2021,25.59224071126458
11/02/2021,25.58509008495695
12/02/2021,25.581872303118512
13/02/2021,25.580084646541604
14/02/2021,25.60511183861832
15/02/2021,25.616910372025913
16/02/2021,25.61869802860282
17/02/2021,25.594743430472253
18/02/2021,25.562923143403285
19/02/2021,25.46245684378104
20/02/2021,25.511438633988327
21/02/2021,25.5314603876497
22/02/2021,25.584375022326185
23/02/2021,25.629781499379654
24/02/2021,25.653736097510226
25/02/2021,25.714158889809724
26/02/2021,25.719164328225066
27/02/2021,25.709510982709762
28/02/2021,25.714873952440488
01/03/2021,25.684483790633045
02/03/2021,25.696639855356022
03/03/2021,25.709153451394382
04/03/2021,25.696997386671406
05/03/2021,25.708438388763618
06/03/2021,25.70522060692518
07/03/2021,25.702002825086748
08/03/2021,25.677333164325415
09/03/2021,25.666607224863963
10/03/2021,25.694137136148353
11/03/2021,25.695567261409877
12/03/2021,25.69628232404064
13/03/2021,25.696997386671406
14/03/2021,25.7048630756098
15/03/2021,25.699142574563695
16/03/2021,25.694137136148353
17/03/2021,25.70021516850984
18/03/2021,25.68305366537152
19/03/2021,25.679478352217703
20/03/2021,25.69806998061755
21/03/2021,25.700572699825223
22/03/2021,25.72023692217121
23/03/2021,25.728817673740373
24/03/2021,25.735610768732624
25/03/2021,25.74133126977873
26/03/2021,25.74812436477098
27/03/2021,25.757062647655523
28/03/2021,25.759207835547812
29/03/2021,25.76957624369388
30/03/2021,25.82785384810109
31/03/2021,25.86896994936998
01/04/2021,25.8607467291162
02/04/2021,25.86110426043158
03/04/2021,25.798893811555175
04/04/2021,25.766715993170827
05/04/2021,25.73525323741724
06/04/2021,25.730962861632662
07/04/2021,25.761710554755485
08/04/2021,25.74955449003251
09/04/2021,25.717376671648157
10/04/2021,25.70665073218671
11/04/2021,25.71952185954045
12/04/2021,25.742046332409494
13/04/2021,25.740616207147966
14/04/2021,25.694137136148353
15/04/2021,25.681266008794612
16/04/2021,25.725242360586556
17/04/2021,25.758135241601668
18/04/2021,25.755274991078615
19/04/2021,25.794603435770597
20/04/2021,25.773509088163078
21/04/2021,25.75670511634014
22/04/2021,25.74955449003251
23/04/2021,25.73918608188644
24/04/2021,25.76814611843235
25/04/2021,25.794603435770597
26/04/2021,25.774939213424606
27/04/2021,25.801754062078228
28/04/2021,25.796391092347502
29/04/2021,25.78924046603987
30/04/2021,25.771006368955405
01/05/2021,25.742046332409494
02/05/2021,25.76099549212472
03/05/2021,25.76743105580159
04/05/2021,25.772078962901553
05/05/2021,25.79317331050907
06/05/2021,25.768861181063116
07/05/2021,25.782804902363
08/05/2021,25.782089839732237
09/05/2021,25.774939213424606
10/05/2021,25.793888373139833
11/05/2021,25.818915565216546
12/05/2021,25.781732308416856
13/05/2021,25.79746368629365
14/05/2021,25.770648837640024
15/05/2021,25.740616207147966
16/05/2021,25.68948922904839
17/05/2021,25.7477668334556
18/05/2021,25.76778858711697
19/05/2021,25.790313059986016
20/05/2021,25.787810340778343
21/05/2021,25.794245904455213
22/05/2021,25.723454704009647
23/05/2021,25.78244737104762
24/05/2021,25.75670511634014
25/05/2021,25.809619751016626
26/05/2021,25.893282078815933
27/05/2021,25.84287016334712
28/05/2021,25.864322042270018
29/05/2021,25.911516175900395
30/05/2021,25.891494422239024
31/05/2021,25.881483545408337
01/06/2021,25.850735852285514
02/06/2021,25.84072497545483
03/06/2021,25.657668941979423
04/06/2021,25.731320392948042
05/06/2021,25.744191520301783
06/06/2021,25.758850304232432
07/06/2021,25.80211159339361
08/06/2021,25.844657819924027
09/06/2021,25.73525323741724
10/06/2021,25.70665073218671
11/06/2021,25.66160178644862
12/06/2021,25.710583576655907
13/06/2021,25.69377960483297
14/06/2021,25.64014990752572
15/06/2021,25.702360356402128
16/06/2021,25.708080857448238
17/06/2021,25.695209730094497
18/06/2021,25.68984676036377
19/06/2021,25.728817673740373
20/06/2021,25.77851452657842
21/06/2021,25.81248000153968
22/06/2021,25.78244737104762
23/06/2021,25.692707010886824
24/06/2021,25.66553463091782
25/06/2021,25.73525323741724
26/06/2021,25.73310804952495
27/06/2021,25.607972089141374
28/06/2021,25.68305366537152
29/06/2021,25.74347645767102
30/06/2021,25.79603356103212
01/07/2021,25.682338602740757
02/07/2021,25.604396775987556
03/07/2021,25.699500105879075
04/07/2021,25.74955449003251
05/07/2021,25.735610768732624
06/07/2021,25.746694239509456
07/07/2021,25.752057209240178
08/07/2021,25.580442177856987
09/07/2021,25.65659634803328
10/07/2021,25.61583777807977
11/07/2021,25.50107022584226
12/07/2021,25.54182879579577
13/07/2021,25.530745325018938
14/07/2021,25.547906828157256
15/07/2021,25.571503894972444
16/07/2021,25.599391337572214
17/07/2021,25.631926687271942
18/07/2021,25.612619996241335
19/07/2021,25.638362250948813
20/07/2021,25.615122715449008
21/07/2021,25.473182783242493
22/07/2021,25.405251833319976
23/07/2021,25.58509008495695
24/07/2021,25.664819568287054
25/07/2021,25.696997386671406
26/07/2021,25.694494667463733
27/07/2021,25.69342207351759
28/07/2021,25.694137136148353
29/07/2021,25.624060998333547
30/07/2021,25.658384004610188
31/07/2021,25.599391337572214
01/08/2021,25.667679818810107
02/08/2021,25.684126259317665
03/08/2021,25.710941107971287
04/08/2021,25.732035455578806
05/08/2021,25.71344382717896
06/08/2021,25.71952185954045
07/08/2021,25.755632522393995
08/08/2021,25.730605330317278
09/08/2021,25.751699677924798
10/08/2021,25.692349479571444
11/08/2021,25.736325831363388
12/08/2021,25.715589015071252
13/08/2021,25.658026473294804
14/08/2021,25.64336768936416
15/08/2021,25.63371434384885
16/08/2021,25.514656415826764
17/08/2021,25.530745325018938
18/08/2021,25.58580514758771
19/08/2021,25.60296665072603
20/08/2021,25.55720264235718
21/08/2021,25.56578339392634
22/08/2021,25.652663503564078
23/08/2021,25.675545507748506
24/08/2021,25.710226045340526
25/08/2021,25.724884829271172
26/08/2021,25.64408275199492
27/08/2021,25.599391337572214
28/08/2021,25.516801603719053
29/08/2021,25.558275236303324
30/08/2021,25.489629223750047
31/08/2021,25.538968545272716
01/09/2021,25.552554735257218
02/09/2021,25.62656371754122
03/09/2021,25.58330242838004
04/09/2021,25.581514771803132
05/09/2021,25.5840174910108
06/09/2021,25.45602128010417
07/09/2021,25.54182879579577
08/09/2021,25.606184432564465
09/09/2021,25.651948440933317
10/09/2021,25.602251588095267
11/09/2021,25.59224071126458
12/09/2021,25.616910372025913
13/09/2021,25.634071875164235
14/09/2021,25.646943002517972
15/09/2021,25.649088190410264
16/09/2021,25.680193414848468
17/09/2021,25.688774166417627
18/09/2021,25.655881285402515
19/09/2021,25.686986509840718
20/09/2021,25.646943002517972
21/09/2021,25.621558279125875
22/09/2021,25.595816024418397
23/09/2021,25.56828611313401
24/09/2021,25.629781499379654
25/09/2021,25.645870408571827
26/09/2021,25.599748868887595
27/09/2021,25.50357294504993
28/09/2021,25.56828611313401
29/09/2021,25.634786937794996
30/09/2021,25.63550200042576
01/10/2021,25.673042788540833
02/10/2021,25.666249693548583
03/10/2021,25.669467475387016
04/10/2021,25.67804822695618
05/10/2021,25.647300533833356
06/10/2021,25.617625434656677
07/10/2021,25.651233378302553
08/10/2021,25.672685257225453
09/10/2021,25.6269212488566
10/10/2021,25.64014990752572
11/10/2021,25.654451160140987
12/10/2021,25.65480869145637
13/10/2021,25.654093628825606
14/10/2021,25.666249693548583
15/10/2021,25.662674380394765
16/10/2021,25.602609119410648
17/10/2021,25.62870890543351
18/10/2021,25.65731141066404
19/10/2021,25.67018253801778
20/10/2021,25.652663503564078
21/10/2021,25.65731141066404
22/10/2021,25.659456598556332
23/10/2021,25.66338944302553
24/10/2021,25.612262464925955
25/10/2021,25.623345935702783
26/10/2021,25.625133592279692
27/10/2021,25.631211624641182
28/10/2021,25.596173555733778
29/10/2021,25.54397398368806
30/10/2021,25.59045305468767
31/10/2021,25.615122715449008
01/11/2021,25.50536060162684
02/11/2021,25.499640100580734
03/11/2021,25.530745325018938
04/11/2021,25.510723571357563
05/11/2021,25.54433151500344
06/11/2021,25.55505745446489
07/11/2021,25.50071269452688
08/11/2021,25.546119171580347
09/11/2021,25.526454949234356
10/11/2021,25.54218632711115
11/11/2021,25.463529437727185
12/11/2021,25.493562068219244
13/11/2021,25.53396310685737
14/11/2021,25.547906828157256
15/11/2021,25.565425862610958
16/11/2021,25.546119171580347
17/11/2021,25.54719176552649
18/11/2021,25.476043033765546
19/11/2021,25.439217308281233
20/11/2021,25.515371478457524
21/11/2021,25.535035700803515
22/11/2021,25.619055559918205
23/11/2021,25.631211624641182
24/11/2021,25.61869802860282
25/11/2021,25.586520210218474
26/11/2021,25.591168117318436
27/11/2021,25.521449510819014
28/11/2021,25.457093874050315
29/11/2021,25.45602128010417
30/11/2021,25.537180888695808
01/12/2021,25.541471264480386
02/12/2021,25.56578339392634
03/12/2021,25.54039867053424
04/12/2021,25.617267903341297
05/12/2021,25.62477606096431
06/12/2021,25.616552840710533
07/12/2021,25.614407652818244
08/12/2021,25.57901205259546
09/12/2021,25.52287963608054
10/12/2021,25.534678169488135
11/12/2021,25.57472167681088
12/12/2021,25.562565612087905
13/12/2021,25.523952230026687
14/12/2021,25.51251122793447
15/12/2021,25.489986755065427
16/12/2021,25.50571813294222
17/12/2021,25.50536060162684
18/12/2021,25.503930476365312
19/12/2021,25.50536060162684
20/12/2021,25.487841567173138
21/12/2021,25.497494912688442
22/12/2021,25.52109197950363
23/12/2021,25.560062892880232
24/12/2021,25.551839672626453
25/12/2021,25.55112460999569
26/12/2021,25.541471264480386
27/12/2021,25.510008508726802
28/12/2021,25.531102856334318
29/12/2021,25.5275275431805
30/12/2021,25.508935914780658
31/12/2021,25.510366040042182
01/01/2022,25.52502482397283
02/01/2022,25.519304322926725
03/01/2022,25.52037691687287
04/01/2022,25.50750578951913
05/01/2022,25.510723571357563
06/01/2022,25.517874197665197
07/01/2022,25.52073444818825
08/01/2022,25.51894679161134
09/01/2022,25.515371478457524
10/01/2022,25.519661854242106
11/01/2022,25.537538420011188
12/01/2022,25.489271692434667
13/01/2022,25.461026718519516
14/01/2022,25.48355119138856
15/01/2022,25.521807042134395
16/01/2022,25.46209931246566
17/01/2022,25.474255377188637
18/01/2022,25.513226290565235
19/01/2022,25.528242605811265
20/01/2022,25.560777955510996
21/01/2022,25.590810586003055
22/01/2022,25.595458493103017
23/01/2022,25.58509008495695
24/01/2022,25.532532981595846
25/01/2022,25.510723571357563
26/01/2022,25.474970439819398
27/01/2022,25.4924894742731
28/01/2022,25.501785288473023
29/01/2022,25.515729009772908
30/01/2022,25.565425862610958
31/01/2022,25.57936958391084
01/02/2022,25.586877741533854
02/02/2022,25.597961212310686
03/02/2022,25.569716238395536
04/02/2022,25.559347830249468
05/02/2022,25.575794270757026
06/02/2022,25.55720264235718
07/02/2022,25.573291551549353
08/02/2022,25.57472167681088
09/02/2022,25.5275275431805
10/02/2022,25.560777955510996
11/02/2022,25.57507920812626
12/02/2022,25.57472167681088
13/02/2022,25.5704313010263
14/02/2022,25.558990298934088
15/02/2022,25.552197203941837
16/02/2022,25.551482141311073
17/02/2022,25.55076707868031
18/02/2022,25.562565612087905
19/02/2022,25.59653108704916
20/02/2022,25.651948440933317
21/02/2022,25.660171661187093
22/02/2022,25.658026473294804
23/02/2022,25.614765184133624
24/02/2022,25.639434844894957
25/02/2022,25.61798296597206
26/02/2022,25.612619996241335
27/02/2022,25.615122715449008
28/02/2022,25.6483731277795
01/03/2022,25.66839488144087
02/03/2022,25.661959317764
03/03/2022,25.645870408571827
04/03/2022,25.664104505656294
05/03/2022,25.666249693548583
06/03/2022,25.640864970156485
07/03/2022,25.658026473294804
08/03/2022,25.6834111966869
09/03/2022,25.700572699825223
10/03/2022,25.72130951611736
11/03/2022,25.700572699825223
12/03/2022,25.707365794817473
13/03/2022,25.727387548478845
14/03/2022,25.744191520301783
15/03/2022,25.772078962901553
16/03/2022,25.78924046603987
17/03/2022,25.800681468132083
18/03/2022,25.738113487940293
19/03/2022,25.704148012979037
20/03/2022,25.718806796909686
21/03/2022,25.76099549212472
22/03/2022,25.743833988986403
23/03/2022,25.73310804952495
24/03/2022,25.709510982709762
25/03/2022,25.708080857448238
26/03/2022,25.737398425309532
27/03/2022,25.745621645563308
28/03/2022,25.766715993170827
29/03/2022,25.78924046603987
30/03/2022,25.796748623662886
31/03/2022,25.77422415079384
01/04/2022,25.747051770824836
02/04/2022,25.712728764548196
03/04/2022,25.727030017163464
04/04/2022,25.723097172694267
05/04/2022,25.705578138240565
06/04/2022,25.735610768732624
07/04/2022,25.755632522393995
08/04/2022,25.73453817478648
09/04/2022,25.722382110063503
10/04/2022,25.73525323741724
11/04/2022,25.72846014242499
12/04/2022,25.75455992844785
13/04/2022,25.759207835547812
14/04/2022,25.768861181063116
15/04/2022,25.757420178970904
16/04/2022,25.76993377500926
17/04/2022,25.755274991078615
18/04/2022,25.79174318524754
19/04/2022,25.801038999447464
20/04/2022,25.816412846008877
21/04/2022,25.781732308416856
22/04/2022,25.75491745976323
23/04/2022,25.7613530234401
24/04/2022,25.809977282332007
25/04/2022,25.841797569400974
26/04/2022,25.83428941177796
27/04/2022,25.835719537039484
28/04/2022,25.83500447440872
29/04/2022,25.859674135170057
30/04/2022,25.89542726670822
01/05/2022,25.883271201985245
02/05/2022,25.8607467291162
03/05/2022,25.83285928651643
04/05/2022,25.727387548478845
05/05/2022,25.808904688385862
06/05/2022,25.826781254154945
07/05/2022,25.8471605391317
08/05/2022,25.823205941001127
09/05/2022,25.824636066262656
10/05/2022,25.70700826350209
11/05/2022,25.526454949234356
12/05/2022,25.59224071126458
13/05/2022,25.71987939085583
14/05/2022,25.78459255893991
15/05/2022,25.79102812261678
16/05/2022,25.786022684201434
17/05/2022,25.764570805278538
18/05/2022,25.742403863724874
19/05/2022,25.703432950348272
20/05/2022,25.72130951611736
21/05/2022,25.774939213424606
22/05/2022,25.84537288255479
23/05/2022,25.87790823225452
24/05/2022,25.890064296977496
25/05/2022,25.80211159339361
26/05/2022,25.87361785646994
27/05/2022,25.803899249970517
28/05/2022,25.898287517231275
29/05/2022,25.926174959831044
30/05/2022,25.9211695214157
31/05/2022,25.909370988008106
01/06/2022,25.89721492328513
02/06/2022,25.956565121638484
03/06/2022,25.935113242715584
04/06/2022,25.94297893165398
05/06/2022,25.921527052731083
06/06/2022,25.719164328225066
07/06/2022,25.906510737485053
08/06/2022,25.893282078815933
09/06/2022,25.88648898382368
10/06/2022,25.887919109085207
11/06/2022,25.870400074631505
12/06/2022,25.844300288608643
13/06/2022,25.823205941001127
14/06/2022,25.859316603854673
15/06/2022,25.737398425309532
16/06/2022,25.717376671648157
17/06/2022,25.749196958717125
18/06/2022,25.72846014242499
19/06/2022,25.712371233232815
20/06/2022,25.743833988986403
21/06/2022,25.664104505656294
22/06/2022,25.664104505656294
23/06/2022,25.737398425309532
24/06/2022,25.681623540109992
25/06/2022,25.681981071425376
26/06/2022,25.65480869145637
27/06/2022,25.599391337572214
28/06/2022,25.599391337572214
29/06/2022,25.700572699825223
30/06/2022,25.710941107971287
01/07/2022,25.72810261110961
02/07/2022,25.677690695640795
03/07/2022,25.62727878017198
04/07/2022,25.60511183861832
05/07/2022,25.656238816717895
06/07/2022,25.543616452372675
07/07/2022,25.59224071126458
08/07/2022,25.44458027801196
09/07/2022,25.461384249834897
10/07/2022,25.461384249834897
11/07/2022,25.46281437509642
12/07/2022,25.42920643145055
13/07/2022,25.459239061942608
14/07/2022,25.5568451110418
15/07/2022,25.655523754087135
16/07/2022,25.651590909617934
17/07/2022,25.55326979788798
18/07/2022,25.560777955510996
19/07/2022,25.69377960483297
20/07/2022,25.707365794817473
21/07/2022,25.673400319856217
22/07/2022,25.48426625401932
23/07/2022,25.54182879579577
24/07/2022,25.601178994149123
25/07/2022,25.642652626733394
26/07/2022,25.516801603719053
27/07/2022,25.650875846987173
28/07/2022,25.6834111966869
29/07/2022,25.69342207351759
30/07/2022,25.699500105879075
31/07/2022,25.716304077702013
01/08/2022,25.70629320087133
02/08/2022,25.689131697733007
03/08/2022,25.654093628825606
04/08/2022,25.62906643674889
05/08/2022,25.612619996241335
06/08/2022,25.597603680995306
07/08/2022,25.526454949234356
08/08/2022,25.51215369661909
09/08/2022,25.536465826065044
10/08/2022,25.62048568517973
11/08/2022,25.64408275199492
12/08/2022,25.665892162233202
13/08/2022,25.638004719633432
14/08/2022,25.484981316650085
15/08/2022,25.556130048411035
16/08/2022,25.683768728002285
17/08/2022,25.696639855356022
18/08/2022,25.692707010886824
19/08/2022,25.627993842802745
20/08/2022,25.675545507748506
21/08/2022,25.67840575827156
22/08/2022,25.69020429167915
23/08/2022,25.659814129871712
24/08/2022,25.64158003278725
25/08/2022,25.69842751193293
26/08/2022,25.677333164325415
27/08/2022,25.660886723817857
28/08/2022,25.64336768936416
29/08/2022,25.626206186225836
30/08/2022,25.652663503564078
31/08/2022,25.653021034879462
01/09/2022,25.65731141066404
02/09/2022,25.638004719633432
03/09/2022,25.69199194825606
04/09/2022,25.66124425513324
05/09/2022,25.689131697733007
06/09/2022,25.683768728002285
07/09/2022,25.5840174910108
08/09/2022,25.49928256926535
09/09/2022,25.532532981595846
10/09/2022,25.53360557554199
11/09/2022,25.52037691687287
12/09/2022,25.582944897064657
13/09/2022,25.610117277033662
14/09/2022,25.602251588095267
15/09/2022,25.594743430472253
16/09/2022,25.664104505656294
17/09/2022,25.675187976433122
18/09/2022,25.672685257225453
19/09/2022,25.537538420011188
20/09/2022,25.586520210218474
21/09/2022,25.64229509541801
22/09/2022,25.577581927333934
23/09/2022,25.650875846987173
24/09/2022,25.65659634803328
25/09/2022,25.686628978525338
26/09/2022,25.65016078435641
27/09/2022,25.655523754087135
28/09/2022,25.634786937794996
29/09/2022,25.581514771803132
30/09/2022,25.51894679161134
01/10/2022,25.510366040042182
02/10/2022,25.607614557825993
03/10/2022,25.602609119410648
04/10/2022,25.56220808077252
05/10/2022,25.57722439601855
06/10/2022,25.489986755065427
07/10/2022,25.545046577634203
08/10/2022,25.573291551549353
09/10/2022,25.513941353196
10/10/2022,25.538611013957333
11/10/2022,25.5704313010263
12/10/2022,25.59438589915687
13/10/2022,25.59009552337229
14/10/2022,25.52717001186512
15/10/2022,25.471752657980964
16/10/2022,25.5568451110418
17/10/2022,25.61977062254897
18/10/2022,25.6269212488566
19/10/2022,25.61369259018748
20/10/2022,25.609759745718282
21/10/2022,25.61548024676439
22/10/2022,25.589380460741527
23/10/2022,25.611189870979807
24/10/2022,25.614765184133624
25/10/2022,25.625133592279692
26/10/2022,25.634786937794996
27/10/2022,25.612619996241335
28/10/2022,25.587235272849238
29/10/2022,25.586520210218474
30/10/2022,25.58580514758771
31/10/2022,25.55112460999569
01/11/2022,25.437787183019708
02/11/2022,25.50321541373455
03/11/2022,25.56220808077252
04/11/2022,25.6094022144029
05/11/2022,25.604039244672176
06/11/2022,25.601536525464503
07/11/2022,25.616910372025913
08/11/2022,25.6133350588721
09/11/2022,25.6054693699337
10/11/2022,25.577581927333934
11/11/2022,25.56399573734943
12/11/2022,25.575436739441642
13/11/2022,25.556487579726415
14/11/2022,25.56220808077252
15/11/2022,25.571146363657064
16/11/2022,25.578296989964695
17/11/2022,25.58973799205691
18/11/2022,25.54719176552649
19/11/2022,25.547906828157256
20/11/2022,25.49213194295772
21/11/2022,25.39238070596624
22/11/2022,25.524309761342067
23/11/2022,25.563280674718666
24/11/2022,25.594743430472253
25/11/2022,25.581872303118512
26/11/2022,25.588307866795382
27/11/2022,25.57078883234168
28/11/2022,25.566498456557103
29/11/2022,25.566855987872483
30/11/2022,25.565425862610958
01/12/2022,25.594743430472253
02/12/2022,25.602251588095267
03/12/2022,25.59402836784149
04/12/2022,25.590810586003055
05/12/2022,25.57221895760321
06/12/2022,25.554699923149506
07/12/2022,25.53789595132657
08/12/2022,25.518231728980577
09/12/2022,25.424916055665967
10/12/2022,25.404536770689212
11/12/2022,25.459239061942608
12/12/2022,25.481048472180888
13/12/2022,25.54647670289573
14/12/2022,25.584375022326185
15/12/2022,25.59009552337229
16/12/2022,25.610474808349046
17/12/2022,25.58509008495695
18/12/2022,25.5489794221034
19/12/2022,25.551482141311073
20/12/2022,25.559705361564852
21/12/2022,25.53610829474966
22/12/2022,25.54719176552649
23/12/2022,25.565425862610958
24/12/2022,25.56578339392634
25/12/2022,25.56864364444939
26/12/2022,25.551482141311073
27/12/2022,25.60725702651061
28/12/2022,25.638719782264197
29/12/2022,25.62870890543351
30/12/2022,25.621200747810494
31/12/2022,25.610474808349046
