date,avg_air_temp
01/01/2015,30.27
02/01/2015,31.18
03/01/2015,30.41
04/01/2015,30.82
05/01/2015,31.08
06/01/2015,30.52
07/01/2015,31.09
08/01/2015,30.55
09/01/2015,30.16
10/01/2015,30.07
11/01/2015,29.28
12/01/2015,29.61
13/01/2015,29.78
14/01/2015,30.14
15/01/2015,29.85
16/01/2015,30.88
17/01/2015,30.45
18/01/2015,30.23
19/01/2015,29.96
20/01/2015,29.65
21/01/2015,29.36
22/01/2015,30.17
23/01/2015,30.31
24/01/2015,30.53
25/01/2015,30.57
26/01/2015,30.43
27/01/2015,30.43
28/01/2015,30.2
29/01/2015,30.71
30/01/2015,30.66
31/01/2015,30.37
01/02/2015,30.94
02/02/2015,30.61
03/02/2015,30.35
04/02/2015,31.38
05/02/2015,31.28
06/02/2015,31.53
07/02/2015,31.29
08/02/2015,31.52
09/02/2015,31.06
10/02/2015,31.1
11/02/2015,30.98
12/02/2015,32.08
13/02/2015,32.69
14/02/2015,33.2
15/02/2015,34.02
16/02/2015,33.49
17/02/2015,33.65
18/02/2015,34.02
19/02/2015,33.02
20/02/2015,32.72
21/02/2015,33.51
22/02/2015,33.98
23/02/2015,34.13
24/02/2015,34.17
25/02/2015,34.15
26/02/2015,33.82
27/02/2015,33.81
28/02/2015,32.35
01/03/2015,29.86
02/03/2015,31.12
03/03/2015,32.48
04/03/2015,32.9
05/03/2015,34.07
06/03/2015,33.83
07/03/2015,32.96
08/03/2015,33.2
09/03/2015,32.1
10/03/2015,33.66
11/03/2015,33.72
12/03/2015,33.83
13/03/2015,34.77
14/03/2015,34.34
15/03/2015,34.67
16/03/2015,34.53
17/03/2015,34.77
18/03/2015,36.1
19/03/2015,35.13
20/03/2015,35.42
21/03/2015,35.7
22/03/2015,37
23/03/2015,36.8
24/03/2015,36.69
25/03/2015,36.02
26/03/2015,34.99
27/03/2015,35.45
28/03/2015,35.71
29/03/2015,35.9
30/03/2015,35.1
31/03/2015,34.61
01/04/2015,35.99
02/04/2015,37.02
03/04/2015,37.66
04/04/2015,38.11
05/04/2015,37.76
06/04/2015,37.11
07/04/2015,37.18
08/04/2015,36.39
09/04/2015,36.35
10/04/2015,36.75
11/04/2015,34.55
12/04/2015,31.59
13/04/2015,32.66
14/04/2015,31.53
15/04/2015,31.01
16/04/2015,32.77
17/04/2015,33.82
18/04/2015,36.4
19/04/2015,36.33
20/04/2015,37.03
21/04/2015,37.62
22/04/2015,38.13
23/04/2015,38.25
24/04/2015,34.57
25/04/2015,36.01
26/04/2015,35.44
27/04/2015,36.19
28/04/2015,37.92
29/04/2015,37.39
30/04/2015,39.01
01/05/2015,39.38
02/05/2015,39.97
03/05/2015,38.85
04/05/2015,37.29
05/05/2015,37.06
06/05/2015,37.58
07/05/2015,37.96
08/05/2015,39.25
09/05/2015,38.89
10/05/2015,37.53
11/05/2015,37.67
12/05/2015,38.45
13/05/2015,37.29
14/05/2015,37.3
15/05/2015,37.54
16/05/2015,35.81
17/05/2015,36.1
18/05/2015,39.48
19/05/2015,41.41
20/05/2015,43.11
21/05/2015,43.57
22/05/2015,44.62
23/05/2015,44.39
24/05/2015,44.34
25/05/2015,43.81
26/05/2015,44.01
27/05/2015,43.5
28/05/2015,41.93
29/05/2015,42.85
30/05/2015,42.82
31/05/2015,41.77
01/06/2015,36.77
02/06/2015,39.26
03/06/2015,38.01
04/06/2015,39.19
05/06/2015,38.1
06/06/2015,34.05
07/06/2015,35.31
08/06/2015,34.94
09/06/2015,34.91
10/06/2015,39.33
11/06/2015,40.71
12/06/2015,35.01
13/06/2015,35.89
14/06/2015,32.79
15/06/2015,33.65
16/06/2015,32
17/06/2015,32.11
18/06/2015,29.37
19/06/2015,30.38
20/06/2015,29.58
21/06/2015,31.36
22/06/2015,33.77
23/06/2015,34.98
24/06/2015,35.45
25/06/2015,36.41
26/06/2015,36.34
27/06/2015,36.93
28/06/2015,37.18
29/06/2015,37.78
30/06/2015,37.56
01/07/2015,37.4
02/07/2015,36.48
03/07/2015,36.51
04/07/2015,38.22
05/07/2015,38.52
06/07/2015,38.13
07/07/2015,38.21
08/07/2015,37.61
09/07/2015,37.62
10/07/2015,36.93
11/07/2015,37.31
12/07/2015,38.8
13/07/2015,39.42
14/07/2015,38.28
15/07/2015,35.71
16/07/2015,36.41
17/07/2015,37.08
18/07/2015,37.16
19/07/2015,36.07
20/07/2015,36.11
21/07/2015,36.13
22/07/2015,33.43
23/07/2015,35.12
24/07/2015,36.09
25/07/2015,36.45
26/07/2015,35.37
27/07/2015,36.48
28/07/2015,37.38
29/07/2015,36.79
30/07/2015,36.72
31/07/2015,36.59
01/08/2015,36.55
02/08/2015,36.4
03/08/2015,35.93
04/08/2015,34.7
05/08/2015,35.38
06/08/2015,34.68
07/08/2015,34.53
08/08/2015,34.74
09/08/2015,34.17
10/08/2015,34.63
11/08/2015,33.82
12/08/2015,30.36
13/08/2015,31.87
14/08/2015,35.04
15/08/2015,36.08
16/08/2015,31.64
17/08/2015,35.04
18/08/2015,35.3
19/08/2015,35.99
20/08/2015,34.4
21/08/2015,33.95
22/08/2015,32.49
23/08/2015,34.59
24/08/2015,35.65
25/08/2015,35.72
26/08/2015,33.54
27/08/2015,32.44
28/08/2015,33.88
29/08/2015,33.98
30/08/2015,34.08
31/08/2015,34.54
01/09/2015,34.95
02/09/2015,35.76
03/09/2015,35.66
04/09/2015,35.9
05/09/2015,35.86
06/09/2015,35.08
07/09/2015,32.89
08/09/2015,33.58
09/09/2015,33.68
10/09/2015,33.34
11/09/2015,33.73
12/09/2015,31.75
13/09/2015,32.61
14/09/2015,31.55
15/09/2015,32.15
16/09/2015,32.26
17/09/2015,32.18
18/09/2015,33.97
19/09/2015,31.73
20/09/2015,31.68
21/09/2015,33.71
22/09/2015,34.81
23/09/2015,35.32
24/09/2015,36.35
25/09/2015,36.33
26/09/2015,33.5
27/09/2015,34.85
28/09/2015,34.13
29/09/2015,33.89
30/09/2015,32.19
01/10/2015,32.58
02/10/2015,33.16
03/10/2015,33.81
04/10/2015,33.59
05/10/2015,33.93
06/10/2015,34.4
07/10/2015,34.5
08/10/2015,34.54
09/10/2015,34.6
10/10/2015,36
11/10/2015,35.16
12/10/2015,36.18
13/10/2015,36.19
14/10/2015,35.82
15/10/2015,35.15
16/10/2015,34.36
17/10/2015,34.06
18/10/2015,34.64
19/10/2015,35.02
20/10/2015,35.27
21/10/2015,35.6
22/10/2015,35.63
23/10/2015,35.86
24/10/2015,34.99
25/10/2015,34.16
26/10/2015,34.34
27/10/2015,34.75
28/10/2015,33.44
29/10/2015,33.95
30/10/2015,33.26
31/10/2015,32.26
01/11/2015,33.22
02/11/2015,32.84
03/11/2015,33.31
04/11/2015,34.11
05/11/2015,34.16
06/11/2015,34.56
07/11/2015,33.74
08/11/2015,33.3
09/11/2015,30
10/11/2015,29.57
11/11/2015,32.27
12/11/2015,33.43
13/11/2015,33.49
14/11/2015,32.92
15/11/2015,32.2
16/11/2015,26.27
17/11/2015,26.41
18/11/2015,29.76
19/11/2015,29.64
20/11/2015,29.35
21/11/2015,31.16
22/11/2015,31.61
23/11/2015,32.13
24/11/2015,32.46
25/11/2015,31.67
26/11/2015,32.23
27/11/2015,32.75
28/11/2015,32.23
29/11/2015,31.64
30/11/2015,30.16
01/12/2015,30.23
02/12/2015,29.3
03/12/2015,32.17
04/12/2015,32.33
05/12/2015,31.97
06/12/2015,30.92
07/12/2015,31.65
08/12/2015,31.64
09/12/2015,30.86
10/12/2015,31.97
11/12/2015,32.41
12/12/2015,33.59
13/12/2015,33.04
14/12/2015,33.28
15/12/2015,32.78
16/12/2015,32.98
17/12/2015,32.86
18/12/2015,32.76
19/12/2015,32.66
20/12/2015,32.27
21/12/2015,32.54
22/12/2015,33.13
23/12/2015,32.99
24/12/2015,32.93
25/12/2015,31.16
26/12/2015,29.37
27/12/2015,30.57
28/12/2015,31.73
29/12/2015,32.86
30/12/2015,32.77
31/12/2015,31.56
01/01/2016,32.22
02/01/2016,32.16
03/01/2016,32.95
04/01/2016,32.15
05/01/2016,31.56
06/01/2016,31.44
07/01/2016,31.49
08/01/2016,31.75
09/01/2016,32.09
10/01/2016,32.05
11/01/2016,32.05
12/01/2016,32.14
13/01/2016,31.31
14/01/2016,31.69
15/01/2016,31.33
16/01/2016,31.43
17/01/2016,31.4
18/01/2016,31.51
19/01/2016,30.39
20/01/2016,28.39
21/01/2016,30.16
22/01/2016,29.81
23/01/2016,30.22
24/01/2016,30.66
25/01/2016,30.9
26/01/2016,31.15
27/01/2016,32.51
28/01/2016,33.37
29/01/2016,33.79
30/01/2016,33.61
31/01/2016,34.69
01/02/2016,34.91
02/02/2016,34.72
03/02/2016,34.22
04/02/2016,34.05
05/02/2016,33.16
06/02/2016,33.57
07/02/2016,33.26
08/02/2016,33.13
09/02/2016,33.5
10/02/2016,34.13
11/02/2016,33.81
12/02/2016,33.89
13/02/2016,33.94
14/02/2016,33.41
15/02/2016,33.66
16/02/2016,33.5
17/02/2016,33.61
18/02/2016,34.3
19/02/2016,35.38
20/02/2016,35.97
21/02/2016,36.17
22/02/2016,36.14
23/02/2016,35.14
24/02/2016,35.12
25/02/2016,34.63
26/02/2016,33.69
27/02/2016,34.04
28/02/2016,33.6
29/02/2016,33.83
01/03/2016,33.32
02/03/2016,33.54
03/03/2016,33.92
04/03/2016,34.7
05/03/2016,34.83
06/03/2016,35.21
07/03/2016,34.75
08/03/2016,35.15
09/03/2016,35.13
10/03/2016,36.43
11/03/2016,36.1
12/03/2016,36.52
13/03/2016,36.38
14/03/2016,35.54
15/03/2016,34.97
16/03/2016,35.64
17/03/2016,36
18/03/2016,36.84
19/03/2016,37.63
20/03/2016,38.83
21/03/2016,39.16
22/03/2016,39.07
23/03/2016,38.49
24/03/2016,36.78
25/03/2016,36.1
26/03/2016,36.8
27/03/2016,36.98
28/03/2016,36.06
29/03/2016,36.28
30/03/2016,36.94
31/03/2016,36.8
01/04/2016,37.1
02/04/2016,37.47
03/04/2016,37.9
04/04/2016,37.92
05/04/2016,38.09
06/04/2016,38.1
07/04/2016,38.58
08/04/2016,37.81
09/04/2016,37.33
10/04/2016,37.86
11/04/2016,39.09
12/04/2016,39.12
13/04/2016,40.35
14/04/2016,39.52
15/04/2016,39.45
16/04/2016,39.07
17/04/2016,39.29
18/04/2016,38.09
19/04/2016,38.32
20/04/2016,38.91
21/04/2016,40.12
22/04/2016,41.29
23/04/2016,42.13
24/04/2016,41.96
25/04/2016,40.75
26/04/2016,39.73
27/04/2016,39.35
28/04/2016,40.54
29/04/2016,40.82
30/04/2016,40.84
01/05/2016,41.17
02/05/2016,40.65
03/05/2016,40.03
04/05/2016,39.76
05/05/2016,37.25
06/05/2016,34.21
07/05/2016,37.75
08/05/2016,37.78
09/05/2016,37.96
10/05/2016,37.78
11/05/2016,38.23
12/05/2016,39.44
13/05/2016,40.02
14/05/2016,39.91
15/05/2016,38.83
16/05/2016,37.97
17/05/2016,36.16
18/05/2016,33.1
19/05/2016,30.84
20/05/2016,35.95
21/05/2016,39.99
22/05/2016,42.19
23/05/2016,42.47
24/05/2016,42.68
25/05/2016,42.25
26/05/2016,42.7
27/05/2016,42.44
28/05/2016,40.57
29/05/2016,38.77
30/05/2016,41.53
31/05/2016,41.35
01/06/2016,41.72
02/06/2016,36.07
03/06/2016,39.17
04/06/2016,32.77
05/06/2016,36.38
06/06/2016,35.06
07/06/2016,33.76
08/06/2016,32.65
09/06/2016,36.32
10/06/2016,37.76
11/06/2016,37.22
12/06/2016,37.72
13/06/2016,37.51
14/06/2016,37.7
15/06/2016,38.93
16/06/2016,39.25
17/06/2016,37.07
18/06/2016,31.95
19/06/2016,32.24
20/06/2016,32.45
21/06/2016,36.01
22/06/2016,35.85
23/06/2016,37.03
24/06/2016,35.99
25/06/2016,35.01
26/06/2016,32.14
27/06/2016,32.26
28/06/2016,30.76
29/06/2016,29.48
30/06/2016,31.21
01/07/2016,33.47
02/07/2016,34.47
03/07/2016,34.05
04/07/2016,35.28
05/07/2016,34.59
06/07/2016,35.54
07/07/2016,34.5
08/07/2016,33.22
09/07/2016,32.75
10/07/2016,32.46
11/07/2016,32.66
12/07/2016,34.74
13/07/2016,35.88
14/07/2016,37.07
15/07/2016,37.59
16/07/2016,35.61
17/07/2016,34.63
18/07/2016,35.69
19/07/2016,31.49
20/07/2016,33.39
21/07/2016,33.27
22/07/2016,32.12
23/07/2016,32.95
24/07/2016,31.98
25/07/2016,33.95
26/07/2016,33.65
27/07/2016,32.82
28/07/2016,33.95
29/07/2016,32.49
30/07/2016,33.53
31/07/2016,32.03
01/08/2016,30.63
02/08/2016,30.81
03/08/2016,31.07
04/08/2016,31.79
05/08/2016,33.35
06/08/2016,33.58
07/08/2016,34.52
08/08/2016,35.51
09/08/2016,35.45
10/08/2016,35.71
11/08/2016,35.66
12/08/2016,35.46
13/08/2016,35.74
14/08/2016,34.65
15/08/2016,34.81
16/08/2016,34.22
17/08/2016,35.45
18/08/2016,36.07
19/08/2016,36.24
20/08/2016,36.93
21/08/2016,37.02
22/08/2016,36.37
23/08/2016,36.55
24/08/2016,36.52
25/08/2016,32.57
26/08/2016,33.42
27/08/2016,32.81
28/08/2016,33.6
29/08/2016,32.87
30/08/2016,29.47
31/08/2016,31.1
01/09/2016,33.36
02/09/2016,33.51
03/09/2016,32.89
04/09/2016,32.67
05/09/2016,33.27
06/09/2016,33.92
07/09/2016,34.15
08/09/2016,34.65
09/09/2016,34.21
10/09/2016,31.23
11/09/2016,30.21
12/09/2016,30.2
13/09/2016,29.07
14/09/2016,28.81
15/09/2016,29.26
16/09/2016,31.86
17/09/2016,31.89
18/09/2016,32.7
19/09/2016,32.55
20/09/2016,31.74
21/09/2016,28.5
22/09/2016,30.14
23/09/2016,28.63
24/09/2016,30.5
25/09/2016,30.68
26/09/2016,31.44
27/09/2016,31.87
28/09/2016,32.57
29/09/2016,32.91
30/09/2016,32.33
01/10/2016,30.9
02/10/2016,32.16
03/10/2016,32.8
04/10/2016,33.58
05/10/2016,33.93
06/10/2016,34.31
07/10/2016,33.66
08/10/2016,31.43
09/10/2016,31.12
10/10/2016,32.3
11/10/2016,34.25
12/10/2016,34.79
13/10/2016,34.57
14/10/2016,34.23
15/10/2016,34.07
16/10/2016,33.8
17/10/2016,34.02
18/10/2016,34.02
19/10/2016,34.32
20/10/2016,33.82
21/10/2016,33.92
22/10/2016,34.21
23/10/2016,34.76
24/10/2016,34.07
25/10/2016,34.45
26/10/2016,34.79
27/10/2016,34.35
28/10/2016,33.6
29/10/2016,32.41
30/10/2016,32.95
31/10/2016,32.69
01/11/2016,33.37
02/11/2016,32.92
03/11/2016,33.84
04/11/2016,34.42
05/11/2016,34
06/11/2016,33.3
07/11/2016,33.25
08/11/2016,32.89
09/11/2016,33.01
10/11/2016,32.79
11/11/2016,32.33
12/11/2016,31.84
13/11/2016,32.42
14/11/2016,32.9
15/11/2016,32.94
16/11/2016,32.33
17/11/2016,31.88
18/11/2016,31.9
19/11/2016,31.73
20/11/2016,31.81
21/11/2016,32.26
22/11/2016,32.93
23/11/2016,32.23
24/11/2016,32.1
25/11/2016,32.47
26/11/2016,33.24
27/11/2016,34.06
28/11/2016,33.72
29/11/2016,32.45
30/11/2016,31.16
01/12/2016,31.9
02/12/2016,31.06
03/12/2016,32.12
04/12/2016,31.99
05/12/2016,31.67
06/12/2016,30.82
07/12/2016,31.75
08/12/2016,32.01
09/12/2016,31.53
10/12/2016,30.57
11/12/2016,30.61
12/12/2016,30.07
13/12/2016,29.32
14/12/2016,29.64
15/12/2016,30.33
16/12/2016,30.54
17/12/2016,31.5
18/12/2016,31.21
19/12/2016,30.98
20/12/2016,30.88
21/12/2016,32.1
22/12/2016,32.27
23/12/2016,31.99
24/12/2016,31.04
25/12/2016,31.01
26/12/2016,31.8
27/12/2016,31.52
28/12/2016,30.67
29/12/2016,30.2
30/12/2016,30.73
31/12/2016,30.98
01/01/2017,31.23
02/01/2017,31.08
03/01/2017,31.02
04/01/2017,30.58
05/01/2017,31
06/01/2017,30.97
07/01/2017,30.89
08/01/2017,30.72
09/01/2017,31.07
10/01/2017,30.51
11/01/2017,31.08
12/01/2017,30.4
13/01/2017,29.72
14/01/2017,29.9
15/01/2017,30.24
16/01/2017,30.48
17/01/2017,30.56
18/01/2017,30.49
19/01/2017,30.25
20/01/2017,31.19
21/01/2017,31.86
22/01/2017,32.04
23/01/2017,31.69
24/01/2017,31.45
25/01/2017,31.1
26/01/2017,29.26
27/01/2017,30.84
28/01/2017,31.84
29/01/2017,32.2
30/01/2017,32.15
31/01/2017,32.36
01/02/2017,32.14
02/02/2017,31.4
03/02/2017,31.57
04/02/2017,31.74
05/02/2017,31.89
06/02/2017,32.96
07/02/2017,33.58
08/02/2017,34.15
09/02/2017,33.48
10/02/2017,32.71
11/02/2017,32.19
12/02/2017,31.42
13/02/2017,32.18
14/02/2017,32.68
15/02/2017,32.32
16/02/2017,32.59
17/02/2017,32.93
18/02/2017,33.19
19/02/2017,34.73
20/02/2017,36.43
21/02/2017,36.12
22/02/2017,35.43
23/02/2017,36.11
24/02/2017,35.96
25/02/2017,34.59
26/02/2017,34.03
27/02/2017,33.74
28/02/2017,34.09
01/03/2017,34.2
02/03/2017,34.58
03/03/2017,34.68
04/03/2017,35.05
05/03/2017,34.76
06/03/2017,35.08
07/03/2017,34.54
08/03/2017,34.77
09/03/2017,34.46
10/03/2017,34.55
11/03/2017,35.76
12/03/2017,35.05
13/03/2017,35.23
14/03/2017,34.5
15/03/2017,34.14
16/03/2017,33.9
17/03/2017,35.08
18/03/2017,35.58
19/03/2017,35.35
20/03/2017,35.99
21/03/2017,35.78
22/03/2017,35.89
23/03/2017,36.12
24/03/2017,36.76
25/03/2017,36.86
26/03/2017,36.88
27/03/2017,36.47
28/03/2017,36.35
29/03/2017,37
30/03/2017,37.52
31/03/2017,37.28
01/04/2017,37.76
02/04/2017,37.98
03/04/2017,37.2
04/04/2017,36.66
05/04/2017,37.18
06/04/2017,37.97
07/04/2017,38.2
08/04/2017,38.07
09/04/2017,37.64
10/04/2017,37.76
11/04/2017,38.32
12/04/2017,38.14
13/04/2017,37.76
14/04/2017,36.74
15/04/2017,37.93
16/04/2017,38.99
17/04/2017,40.05
18/04/2017,38.79
19/04/2017,38.88
20/04/2017,39.13
21/04/2017,39.71
22/04/2017,40.35
23/04/2017,40.68
24/04/2017,39.91
25/04/2017,39.82
26/04/2017,40.05
27/04/2017,39.64
28/04/2017,39.63
29/04/2017,39.27
30/04/2017,38.3
01/05/2017,37.8
02/05/2017,37.3
03/05/2017,37.88
04/05/2017,38.53
05/05/2017,39.23
06/05/2017,38.67
07/05/2017,36.58
08/05/2017,38.78
09/05/2017,38.67
10/05/2017,36.41
11/05/2017,37.32
12/05/2017,38.1
13/05/2017,39.3
14/05/2017,40.88
15/05/2017,41.31
16/05/2017,43.68
17/05/2017,41.4
18/05/2017,44.23
19/05/2017,42.55
20/05/2017,42.19
21/05/2017,41.98
22/05/2017,41.46
23/05/2017,42.14
24/05/2017,41.24
25/05/2017,40.84
26/05/2017,40.9
27/05/2017,38.57
28/05/2017,39.04
29/05/2017,41.24
30/05/2017,41.26
31/05/2017,41.35
01/06/2017,40.64
02/06/2017,40.49
03/06/2017,41
04/06/2017,39.73
05/06/2017,41.48
06/06/2017,37.89
07/06/2017,34.75
08/06/2017,32.92
09/06/2017,35.7
10/06/2017,36.18
11/06/2017,35.2
12/06/2017,35.02
13/06/2017,33.87
14/06/2017,35.4
15/06/2017,33.09
16/06/2017,31.92
17/06/2017,35.28
18/06/2017,35.77
19/06/2017,33.41
20/06/2017,33.84
21/06/2017,35.6
22/06/2017,37.38
23/06/2017,35.06
24/06/2017,35.88
25/06/2017,35.05
26/06/2017,33.93
27/06/2017,35.04
28/06/2017,33.01
29/06/2017,34.99
30/06/2017,34.75
01/07/2017,33.72
02/07/2017,35.4
03/07/2017,35.77
04/07/2017,35.57
05/07/2017,36.67
06/07/2017,34.12
07/07/2017,32.53
08/07/2017,34.25
09/07/2017,34.27
10/07/2017,36.11
11/07/2017,33.31
12/07/2017,33.49
13/07/2017,31.5
14/07/2017,31.17
15/07/2017,32.05
16/07/2017,31.34
17/07/2017,29.25
18/07/2017,28.34
19/07/2017,32.76
20/07/2017,33.37
21/07/2017,35.07
22/07/2017,35.56
23/07/2017,35.75
24/07/2017,35.31
25/07/2017,35.86
26/07/2017,36.24
27/07/2017,35.96
28/07/2017,35.67
29/07/2017,34.48
30/07/2017,35.9
31/07/2017,35.86
01/08/2017,36.02
02/08/2017,34.32
03/08/2017,35.55
04/08/2017,35.02
05/08/2017,33.25
06/08/2017,35.55
07/08/2017,35.14
08/08/2017,32.99
09/08/2017,29.82
10/08/2017,33.75
11/08/2017,33.91
12/08/2017,32.25
13/08/2017,30.26
14/08/2017,32.99
15/08/2017,34.72
16/08/2017,34.38
17/08/2017,32.3
18/08/2017,28.68
19/08/2017,28.44
20/08/2017,30.52
21/08/2017,33.45
22/08/2017,34.59
23/08/2017,34.68
24/08/2017,32.25
25/08/2017,29.31
26/08/2017,32.04
27/08/2017,30.87
28/08/2017,30.17
29/08/2017,31.65
30/08/2017,34.24
31/08/2017,34.6
01/09/2017,35.03
02/09/2017,34.27
03/09/2017,35.73
04/09/2017,35.06
05/09/2017,33.52
06/09/2017,31.78
07/09/2017,33.85
08/09/2017,34.06
09/09/2017,34.71
10/09/2017,34.07
11/09/2017,34.11
12/09/2017,34.95
13/09/2017,34.84
14/09/2017,33.42
15/09/2017,32.57
16/09/2017,33.73
17/09/2017,30.92
18/09/2017,30.94
19/09/2017,33.04
20/09/2017,31.82
21/09/2017,32.76
22/09/2017,33.11
23/09/2017,34.41
24/09/2017,34.62
25/09/2017,31.91
26/09/2017,32.8
27/09/2017,32.74
28/09/2017,31.86
29/09/2017,31.2
30/09/2017,32.59
01/10/2017,33.1
02/10/2017,33.12
03/10/2017,32.67
04/10/2017,31.39
05/10/2017,31.09
06/10/2017,32.63
07/10/2017,32.48
08/10/2017,32.52
09/10/2017,32.66
10/10/2017,32.39
11/10/2017,33.56
12/10/2017,33.21
13/10/2017,33.06
14/10/2017,33.46
15/10/2017,33.7
16/10/2017,32.73
17/10/2017,34.59
18/10/2017,32.95
19/10/2017,32.24
20/10/2017,34.03
21/10/2017,34.19
22/10/2017,34.47
23/10/2017,34.88
24/10/2017,33.7
25/10/2017,33.61
26/10/2017,33.26
27/10/2017,33.44
28/10/2017,33.57
29/10/2017,32.8
30/10/2017,32.13
31/10/2017,31.86
01/11/2017,31.46
02/11/2017,31.25
03/11/2017,31.52
04/11/2017,30.84
05/11/2017,31.81
06/11/2017,32.47
07/11/2017,32.66
08/11/2017,32.82
09/11/2017,32.59
10/11/2017,32.49
11/11/2017,31.5
12/11/2017,31.29
13/11/2017,32.23
14/11/2017,31.44
15/11/2017,34.55
16/11/2017,33.72
17/11/2017,33.12
18/11/2017,32.76
19/11/2017,32.89
20/11/2017,33.65
21/11/2017,33.38
22/11/2017,33.42
23/11/2017,33.66
24/11/2017,32.87
25/11/2017,31.22
26/11/2017,31.81
27/11/2017,32.34
28/11/2017,32.27
29/11/2017,31.4
30/11/2017,30.68
01/12/2017,30.73
02/12/2017,30.45
03/12/2017,31.11
04/12/2017,30.47
05/12/2017,29.86
06/12/2017,31.14
07/12/2017,31.75
08/12/2017,33.15
09/12/2017,33.36
10/12/2017,32.57
11/12/2017,32.61
12/12/2017,32.26
13/12/2017,32.16
14/12/2017,32.28
15/12/2017,31.46
16/12/2017,31.54
17/12/2017,31.29
18/12/2017,31.04
19/12/2017,30.02
20/12/2017,30.42
21/12/2017,30.7
22/12/2017,31.12
23/12/2017,30.97
24/12/2017,30.72
25/12/2017,30.9
26/12/2017,31.15
27/12/2017,30.44
28/12/2017,30.48
29/12/2017,30.71
30/12/2017,30.65
31/12/2017,31.44
01/01/2018,31.77
02/01/2018,31.2
03/01/2018,30.83
04/01/2018,30.72
05/01/2018,29.96
06/01/2018,30.13
07/01/2018,30.34
08/01/2018,29.5
09/01/2018,29.32
10/01/2018,30.48
11/01/2018,31.8
12/01/2018,32.88
13/01/2018,32.57
14/01/2018,31.88
15/01/2018,31.84
16/01/2018,31.99
17/01/2018,31.51
18/01/2018,31.52
19/01/2018,31.25
20/01/2018,30.95
21/01/2018,30.67
22/01/2018,30.53
23/01/2018,30.77
24/01/2018,31.48
25/01/2018,31.91
26/01/2018,31.25
27/01/2018,30.95
28/01/2018,31.05
29/01/2018,31.05
30/01/2018,31.24
31/01/2018,32.71
01/02/2018,33.13
02/02/2018,33.4
03/02/2018,32.32
04/02/2018,31.66
05/02/2018,31.49
06/02/2018,31.4
07/02/2018,30.87
08/02/2018,33.6
09/02/2018,32.72
10/02/2018,31.67
11/02/2018,30.88
12/02/2018,31.29
13/02/2018,31.29
14/02/2018,31.52
15/02/2018,32.37
16/02/2018,32.62
17/02/2018,32.81
18/02/2018,33.07
19/02/2018,32.61
20/02/2018,32.73
21/02/2018,32.95
22/02/2018,34.06
23/02/2018,33.24
24/02/2018,33.44
25/02/2018,34.2
26/02/2018,35.64
27/02/2018,35.62
28/02/2018,35.63
01/03/2018,35.72
02/03/2018,36.3
03/03/2018,36.36
04/03/2018,36.06
05/03/2018,35.64
06/03/2018,34.88
07/03/2018,34.76
08/03/2018,34.71
09/03/2018,34.42
10/03/2018,35.4
11/03/2018,34.32
12/03/2018,34.22
13/03/2018,35.62
14/03/2018,35.5
15/03/2018,34.57
16/03/2018,32.84
17/03/2018,31.78
18/03/2018,33.98
19/03/2018,35
20/03/2018,35.06
21/03/2018,35.87
22/03/2018,36.41
23/03/2018,37.11
24/03/2018,36.16
25/03/2018,34.29
26/03/2018,35.42
27/03/2018,36.1
28/03/2018,36.84
29/03/2018,37.02
30/03/2018,36.92
31/03/2018,36.22
01/04/2018,35.94
02/04/2018,33.94
03/04/2018,35.83
04/04/2018,35.56
05/04/2018,35.41
06/04/2018,35.15
07/04/2018,36.17
08/04/2018,33.38
09/04/2018,34.64
10/04/2018,34.87
11/04/2018,35.62
12/04/2018,36.24
13/04/2018,36.44
14/04/2018,36.75
15/04/2018,35.62
16/04/2018,37.4
17/04/2018,37.95
18/04/2018,38.56
19/04/2018,39.14
20/04/2018,38.87
21/04/2018,38.82
22/04/2018,38.54
23/04/2018,38.48
24/04/2018,38.74
25/04/2018,38.4
26/04/2018,38.3
27/04/2018,38.32
28/04/2018,37.96
29/04/2018,38.15
30/04/2018,39.48
01/05/2018,39.76
02/05/2018,38.53
03/05/2018,35.96
04/05/2018,35.41
05/05/2018,37.38
06/05/2018,38.25
07/05/2018,39.48
08/05/2018,39.73
09/05/2018,38.39
10/05/2018,38.32
11/05/2018,39.24
12/05/2018,39.32
13/05/2018,38.53
14/05/2018,37.34
15/05/2018,36.08
16/05/2018,38.02
17/05/2018,38.67
18/05/2018,38.97
19/05/2018,40.35
20/05/2018,39.31
21/05/2018,39.21
22/05/2018,38.88
23/05/2018,38.5
24/05/2018,38.65
25/05/2018,37.92
26/05/2018,38.13
27/05/2018,38.65
28/05/2018,39.08
29/05/2018,41.69
30/05/2018,41.12
31/05/2018,40.32
01/06/2018,38.43
02/06/2018,34.46
03/06/2018,38.84
04/06/2018,39.79
05/06/2018,39.13
06/06/2018,36.47
07/06/2018,35.75
08/06/2018,34.99
09/06/2018,35.16
10/06/2018,36.54
11/06/2018,35.16
12/06/2018,35.97
13/06/2018,37.17
14/06/2018,38.21
15/06/2018,39.43
16/06/2018,38.95
17/06/2018,39.38
18/06/2018,38.14
19/06/2018,39.15
20/06/2018,40.18
21/06/2018,39.2
22/06/2018,35.78
23/06/2018,34.61
24/06/2018,36.39
25/06/2018,37.61
26/06/2018,36.92
27/06/2018,34.91
28/06/2018,32.64
29/06/2018,34.66
30/06/2018,36.38
01/07/2018,33.52
02/07/2018,36.83
03/07/2018,33.9
04/07/2018,35.12
05/07/2018,36.18
06/07/2018,33.92
07/07/2018,30.27
08/07/2018,29.31
09/07/2018,31.45
10/07/2018,31.43
11/07/2018,30.68
12/07/2018,29.91
13/07/2018,30.98
14/07/2018,30.35
15/07/2018,30.03
16/07/2018,31.55
17/07/2018,33.8
18/07/2018,34.73
19/07/2018,33.99
20/07/2018,31.55
21/07/2018,32.58
22/07/2018,33.19
23/07/2018,34.99
24/07/2018,35.56
25/07/2018,35.52
26/07/2018,35.32
27/07/2018,34.66
28/07/2018,34.23
29/07/2018,35.22
30/07/2018,36.49
31/07/2018,35.87
01/08/2018,36.21
02/08/2018,35.44
03/08/2018,35.77
04/08/2018,35.91
05/08/2018,34.94
06/08/2018,34.01
07/08/2018,32.29
08/08/2018,32.05
09/08/2018,35.2
10/08/2018,30.66
11/08/2018,29.3
12/08/2018,29.61
13/08/2018,29.56
14/08/2018,30.34
15/08/2018,28.5
16/08/2018,30.12
17/08/2018,32.8
18/08/2018,32.33
19/08/2018,28.84
20/08/2018,28.75
21/08/2018,32.74
22/08/2018,33.64
23/08/2018,33.96
24/08/2018,32.95
25/08/2018,33.46
26/08/2018,31.95
27/08/2018,32.05
28/08/2018,32.99
29/08/2018,33.93
30/08/2018,34.86
31/08/2018,33.78
01/09/2018,32.9
02/09/2018,33.57
03/09/2018,34.4
04/09/2018,34.56
05/09/2018,33.86
06/09/2018,33.37
07/09/2018,33.19
08/09/2018,34.71
09/09/2018,35.32
10/09/2018,36.05
11/09/2018,36.09
12/09/2018,35.02
13/09/2018,34.8
14/09/2018,35.57
15/09/2018,36.08
16/09/2018,35.26
17/09/2018,32.55
18/09/2018,32.37
19/09/2018,32.11
20/09/2018,31.2
21/09/2018,30.44
22/09/2018,32.96
23/09/2018,33.63
24/09/2018,33.88
25/09/2018,34.71
26/09/2018,34.02
27/09/2018,34.05
28/09/2018,33.96
29/09/2018,34.63
30/09/2018,35.14
01/10/2018,34.83
02/10/2018,35.02
03/10/2018,34.98
04/10/2018,34.46
05/10/2018,33.87
06/10/2018,34.52
07/10/2018,34.41
08/10/2018,34.78
09/10/2018,35.21
10/10/2018,33.97
11/10/2018,34.59
12/10/2018,34.98
13/10/2018,35.15
14/10/2018,34.86
15/10/2018,34.34
16/10/2018,33.4
17/10/2018,32.44
18/10/2018,31.94
19/10/2018,33.61
20/10/2018,34.03
21/10/2018,34.52
22/10/2018,34.78
23/10/2018,34.65
24/10/2018,33.88
25/10/2018,34.16
26/10/2018,34.23
27/10/2018,34.52
28/10/2018,34.03
29/10/2018,33.62
30/10/2018,33.25
31/10/2018,32.45
01/11/2018,31.28
02/11/2018,31.64
03/11/2018,33.28
04/11/2018,33.53
05/11/2018,34.04
06/11/2018,34.28
07/11/2018,33.87
08/11/2018,33.58
09/11/2018,33.66
10/11/2018,33.9
11/11/2018,33.72
12/11/2018,33.02
13/11/2018,34.21
14/11/2018,34.38
15/11/2018,33.42
16/11/2018,33.04
17/11/2018,32.95
18/11/2018,33.46
19/11/2018,33.66
20/11/2018,33.08
21/11/2018,32.04
22/11/2018,30.62
23/11/2018,31.33
24/11/2018,32.52
25/11/2018,31.98
26/11/2018,31.79
27/11/2018,31.09
28/11/2018,31.58
29/11/2018,31.51
30/11/2018,31.63
01/12/2018,31.35
02/12/2018,30.7
03/12/2018,31.09
04/12/2018,29.33
05/12/2018,30.28
06/12/2018,31.49
07/12/2018,31.48
08/12/2018,31.5
09/12/2018,31.17
10/12/2018,30.65
11/12/2018,30.92
12/12/2018,31.68
13/12/2018,30.6
14/12/2018,30.04
15/12/2018,29.71
16/12/2018,26.72
17/12/2018,23.68
18/12/2018,25.38
19/12/2018,26.45
20/12/2018,28.45
21/12/2018,29.22
22/12/2018,29.92
23/12/2018,29.93
24/12/2018,30.09
25/12/2018,30.42
26/12/2018,30.85
27/12/2018,30.53
28/12/2018,28.79
29/12/2018,28.87
30/12/2018,28.55
31/12/2018,28.47
01/01/2019,29.97
02/01/2019,30.25
03/01/2019,30.86
04/01/2019,29.97
05/01/2019,29.63
06/01/2019,29.45
07/01/2019,30.3
08/01/2019,30.49
09/01/2019,30.58
10/01/2019,30.02
11/01/2019,29.78
12/01/2019,29.58
13/01/2019,29.96
14/01/2019,30.27
15/01/2019,30.66
16/01/2019,30.2
17/01/2019,30.35
18/01/2019,30.89
19/01/2019,30.84
20/01/2019,31.04
21/01/2019,30.56
22/01/2019,30.5
23/01/2019,30.17
24/01/2019,30.67
25/01/2019,30.64
26/01/2019,28.89
27/01/2019,27.5
28/01/2019,24.61
29/01/2019,28.06
30/01/2019,28.87
31/01/2019,33.14
01/02/2019,29.45
02/02/2019,29.94
03/02/2019,30.16
04/02/2019,30.95
05/02/2019,31.45
06/02/2019,31.5
07/02/2019,31.31
08/02/2019,31.27
09/02/2019,30.48
10/02/2019,32.04
11/02/2019,31.24
12/02/2019,31.31
13/02/2019,31.72
14/02/2019,32.14
15/02/2019,32.75
16/02/2019,32.61
17/02/2019,32.97
18/02/2019,33.37
19/02/2019,33.71
20/02/2019,33.11
21/02/2019,33.56
22/02/2019,35.94
23/02/2019,36.72
24/02/2019,36.26
25/02/2019,35.38
26/02/2019,34.22
27/02/2019,33.28
28/02/2019,33.14
01/03/2019,33.37
02/03/2019,33.04
03/03/2019,33.52
04/03/2019,35.13
05/03/2019,35.75
06/03/2019,35.83
07/03/2019,35.6
08/03/2019,34.75
09/03/2019,35.1
10/03/2019,35.71
11/03/2019,35.52
12/03/2019,35.98
13/03/2019,36.22
14/03/2019,36.8
15/03/2019,36.58
16/03/2019,35.29
17/03/2019,34.73
18/03/2019,33.71
19/03/2019,34.91
20/03/2019,34.61
21/03/2019,35.06
22/03/2019,35.17
23/03/2019,36
24/03/2019,36.12
25/03/2019,35.97
26/03/2019,35.85
27/03/2019,36.63
28/03/2019,37.31
29/03/2019,37.04
30/03/2019,37.34
31/03/2019,38.82
01/04/2019,38.07
02/04/2019,37.44
03/04/2019,36.59
04/04/2019,36.27
05/04/2019,37.68
06/04/2019,37.82
07/04/2019,38.2
08/04/2019,37.52
09/04/2019,37.04
10/04/2019,37.77
11/04/2019,38.07
12/04/2019,38.01
13/04/2019,38.85
14/04/2019,38.6
15/04/2019,38.97
16/04/2019,38.38
17/04/2019,37.82
18/04/2019,36.87
19/04/2019,36.51
20/04/2019,36.92
21/04/2019,37.15
22/04/2019,36.67
23/04/2019,37.2
24/04/2019,38.06
25/04/2019,39.08
26/04/2019,39.54
27/04/2019,39.31
28/04/2019,38.68
29/04/2019,39.22
30/04/2019,38.85
01/05/2019,38.31
02/05/2019,39.08
03/05/2019,41.33
04/05/2019,41.31
05/05/2019,42.26
06/05/2019,41.39
07/05/2019,41.34
08/05/2019,41.15
09/05/2019,41.41
10/05/2019,41.62
11/05/2019,40.52
12/05/2019,38.91
13/05/2019,39.55
14/05/2019,39.51
15/05/2019,39.61
16/05/2019,39.91
17/05/2019,39.96
18/05/2019,41.32
19/05/2019,41.4
20/05/2019,41.19
21/05/2019,41.23
22/05/2019,40.56
23/05/2019,40.57
24/05/2019,40.95
25/05/2019,41.62
26/05/2019,42.72
27/05/2019,41.59
28/05/2019,42.23
29/05/2019,42
30/05/2019,38.97
31/05/2019,40.78
01/06/2019,39.44
02/06/2019,42.1
03/06/2019,40.04
04/06/2019,39.36
05/06/2019,41.64
06/06/2019,40.59
07/06/2019,39.43
08/06/2019,38.74
09/06/2019,40.79
10/06/2019,40.04
11/06/2019,41.94
12/06/2019,42.02
13/06/2019,40.14
14/06/2019,40.12
15/06/2019,41.52
16/06/2019,40.99
17/06/2019,38.23
18/06/2019,40.11
19/06/2019,41.58
20/06/2019,39.78
21/06/2019,35.63
22/06/2019,36.04
23/06/2019,34.66
24/06/2019,36.03
25/06/2019,36.35
26/06/2019,34.69
27/06/2019,38.84
28/06/2019,37.46
29/06/2019,35.08
30/06/2019,34.03
01/07/2019,32.85
02/07/2019,33.26
03/07/2019,34.8
04/07/2019,36.58
05/07/2019,33.82
06/07/2019,34.69
07/07/2019,36.42
08/07/2019,36.83
09/07/2019,36.23
10/07/2019,37.31
11/07/2019,37.05
12/07/2019,36.8
13/07/2019,37.74
14/07/2019,36.12
15/07/2019,36.06
16/07/2019,36.97
17/07/2019,37.42
18/07/2019,36.39
19/07/2019,32.88
20/07/2019,32.68
21/07/2019,34.41
22/07/2019,34.48
23/07/2019,32.7
24/07/2019,35.68
25/07/2019,34.66
26/07/2019,30.18
27/07/2019,29.99
28/07/2019,28.84
29/07/2019,29.23
30/07/2019,31.89
31/07/2019,34.65
01/08/2019,32.15
02/08/2019,26.94
03/08/2019,29.77
04/08/2019,32.5
05/08/2019,32.64
06/08/2019,30.22
07/08/2019,30.17
08/08/2019,32.11
09/08/2019,34.57
10/08/2019,34.71
11/08/2019,34.47
12/08/2019,34.24
13/08/2019,33.35
14/08/2019,34.31
15/08/2019,34.76
16/08/2019,35.33
17/08/2019,34.16
18/08/2019,32.59
19/08/2019,34.88
20/08/2019,33.27
21/08/2019,32.29
22/08/2019,33.06
23/08/2019,31.21
24/08/2019,33.18
25/08/2019,33.39
26/08/2019,33.88
27/08/2019,34.78
28/08/2019,34.91
29/08/2019,35.29
30/08/2019,35.03
31/08/2019,31.44
01/09/2019,28.58
02/09/2019,30.29
03/09/2019,29.68
04/09/2019,30.7
05/09/2019,32.45
06/09/2019,31.55
07/09/2019,31.74
08/09/2019,32.3
09/09/2019,34.15
10/09/2019,34.2
11/09/2019,33.35
12/09/2019,32.46
13/09/2019,33.5
14/09/2019,33.79
15/09/2019,33
16/09/2019,33.75
17/09/2019,30.94
18/09/2019,30.75
19/09/2019,30.92
20/09/2019,31.94
21/09/2019,33.07
22/09/2019,33.33
23/09/2019,33.02
24/09/2019,30.85
25/09/2019,30.8
26/09/2019,30.21
27/09/2019,31.92
28/09/2019,32.53
29/09/2019,32.6
30/09/2019,32.42
01/10/2019,33.75
02/10/2019,33.71
03/10/2019,33.43
04/10/2019,33.26
05/10/2019,32.88
06/10/2019,32.94
07/10/2019,33.45
08/10/2019,32.19
09/10/2019,32.08
10/10/2019,31.94
11/10/2019,32.7
12/10/2019,33.27
13/10/2019,33.1
14/10/2019,33.07
15/10/2019,32.38
16/10/2019,28.86
17/10/2019,29.61
18/10/2019,30.87
19/10/2019,29.95
20/10/2019,30.12
21/10/2019,29.2
22/10/2019,27.19
23/10/2019,29.19
24/10/2019,31.5
25/10/2019,31.21
26/10/2019,32.75
27/10/2019,32.32
28/10/2019,32.98
29/10/2019,31.26
30/10/2019,29.32
31/10/2019,30.17
01/11/2019,32.5
02/11/2019,32.66
03/11/2019,32.79
04/11/2019,33.29
05/11/2019,33.26
06/11/2019,32.93
07/11/2019,32.73
08/11/2019,32.11
09/11/2019,32.87
10/11/2019,33.24
11/11/2019,32.49
12/11/2019,32.36
13/11/2019,31.29
14/11/2019,30.84
15/11/2019,29.85
16/11/2019,31.78
17/11/2019,32.67
18/11/2019,32.57
19/11/2019,31.92
20/11/2019,31.53
21/11/2019,31.33
22/11/2019,31.45
23/11/2019,31.29
24/11/2019,31.29
25/11/2019,31.11
26/11/2019,30.89
27/11/2019,30.7
28/11/2019,31.2
29/11/2019,31.94
30/11/2019,31.76
01/12/2019,28.64
02/12/2019,28.28
03/12/2019,29.22
04/12/2019,30.47
05/12/2019,29.47
06/12/2019,29.35
07/12/2019,29.72
08/12/2019,30.46
09/12/2019,30.5
10/12/2019,30.56
11/12/2019,30.61
12/12/2019,30.77
13/12/2019,31.38
14/12/2019,30.69
15/12/2019,30.47
16/12/2019,30.84
17/12/2019,30.31
18/12/2019,30.18
19/12/2019,30.22
20/12/2019,30.39
21/12/2019,29.92
22/12/2019,29.96
23/12/2019,29.52
24/12/2019,29.7
25/12/2019,30.62
26/12/2019,29.46
27/12/2019,30.02
28/12/2019,28.8
29/12/2019,28.16
30/12/2019,28.56
31/12/2019,28.52
01/01/2020,30.05
02/01/2020,28.89
03/01/2020,29.71
04/01/2020,28.88
05/01/2020,28.42
06/01/2020,28.32
07/01/2020,29.41
08/01/2020,29.77
09/01/2020,30.13
10/01/2020,28.97
11/01/2020,29.74
12/01/2020,30.09
13/01/2020,30.9
14/01/2020,30.73
15/01/2020,29.94
16/01/2020,30.53
17/01/2020,30.81
18/01/2020,30.72
19/01/2020,31.01
20/01/2020,31.36
21/01/2020,31.04
22/01/2020,31.33
23/01/2020,31.27
24/01/2020,31.58
25/01/2020,31.79
26/01/2020,32.21
27/01/2020,33.16
28/01/2020,32.31
29/01/2020,32.28
30/01/2020,31.72
31/01/2020,31.85
01/02/2020,31.54
02/02/2020,30.82
03/02/2020,31.12
04/02/2020,31.45
05/02/2020,32.31
06/02/2020,32.1
07/02/2020,31.8
08/02/2020,30.55
09/02/2020,28.4
10/02/2020,28.94
11/02/2020,30.32
12/02/2020,30.92
13/02/2020,32.13
14/02/2020,33.8
15/02/2020,33.62
16/02/2020,33.26
17/02/2020,32.91
18/02/2020,32.74
19/02/2020,31.97
20/02/2020,31.92
21/02/2020,31.7
22/02/2020,32.3
23/02/2020,32.14
24/02/2020,33
25/02/2020,32.49
26/02/2020,32.24
27/02/2020,32.41
28/02/2020,31.74
29/02/2020,32.5
01/03/2020,32.1
02/03/2020,32.62
03/03/2020,33.09
04/03/2020,34.08
05/03/2020,32.82
06/03/2020,32.55
07/03/2020,31.85
08/03/2020,32.1
09/03/2020,32.47
10/03/2020,33.87
11/03/2020,33.52
12/03/2020,33.55
13/03/2020,33.93
14/03/2020,33.57
15/03/2020,33.28
16/03/2020,33.75
17/03/2020,34.74
18/03/2020,35.15
19/03/2020,35.59
20/03/2020,34.56
21/03/2020,34.68
22/03/2020,34.71
23/03/2020,34.56
24/03/2020,34.39
25/03/2020,34.66
26/03/2020,35.06
27/03/2020,36.06
28/03/2020,36.55
29/03/2020,36.92
30/03/2020,36.22
31/03/2020,36.78
01/04/2020,37.39
02/04/2020,37.22
03/04/2020,34.94
04/04/2020,34.78
05/04/2020,36.11
06/04/2020,36.14
07/04/2020,36.49
08/04/2020,37.17
09/04/2020,33.62
10/04/2020,35
11/04/2020,35.89
12/04/2020,36.87
13/04/2020,37.64
14/04/2020,36.67
15/04/2020,36.27
16/04/2020,36.66
17/04/2020,37.17
18/04/2020,36.62
19/04/2020,35.58
20/04/2020,36.58
21/04/2020,37
22/04/2020,37.07
23/04/2020,37.72
24/04/2020,37.75
25/04/2020,37.71
26/04/2020,37.33
27/04/2020,36.48
28/04/2020,35.68
29/04/2020,36.64
30/04/2020,37.43
01/05/2020,38.39
02/05/2020,37.67
03/05/2020,39.31
04/05/2020,38.74
05/05/2020,38.63
06/05/2020,38.04
07/05/2020,37.61
08/05/2020,38.19
09/05/2020,38.38
10/05/2020,36.89
11/05/2020,37.25
12/05/2020,37.56
13/05/2020,37.38
14/05/2020,37.45
15/05/2020,37.85
16/05/2020,38.19
17/05/2020,38.09
18/05/2020,38.78
19/05/2020,39.7
20/05/2020,42.18
21/05/2020,43.53
22/05/2020,42.7
23/05/2020,41.96
24/05/2020,40.74
25/05/2020,39.86
26/05/2020,39.83
27/05/2020,40.75
28/05/2020,40.98
29/05/2020,41.73
30/05/2020,39.17
31/05/2020,39.25
01/06/2020,37.5
02/06/2020,37.78
03/06/2020,36.58
04/06/2020,37.11
05/06/2020,38.34
06/06/2020,39.24
07/06/2020,39.71
08/06/2020,38.97
09/06/2020,38.92
10/06/2020,36.57
11/06/2020,31.72
12/06/2020,31.99
13/06/2020,35.25
14/06/2020,36.69
15/06/2020,35.98
16/06/2020,34.94
17/06/2020,33.79
18/06/2020,34.22
19/06/2020,36.47
20/06/2020,36.53
21/06/2020,33.98
22/06/2020,35.43
23/06/2020,36.7
24/06/2020,37.21
25/06/2020,36.62
26/06/2020,35.62
27/06/2020,36.61
28/06/2020,36.17
29/06/2020,35.42
30/06/2020,35.08
01/07/2020,34.54
02/07/2020,34.62
03/07/2020,33.53
04/07/2020,31.51
05/07/2020,30.52
06/07/2020,30.71
07/07/2020,35.38
08/07/2020,34.68
09/07/2020,33.53
10/07/2020,32.48
11/07/2020,33.53
12/07/2020,33.9
13/07/2020,33.32
14/07/2020,31.66
15/07/2020,28.57
16/07/2020,30.71
17/07/2020,32.61
18/07/2020,33.63
19/07/2020,33.82
20/07/2020,33.65
21/07/2020,34.35
22/07/2020,34.1
23/07/2020,29.15
24/07/2020,32.5
25/07/2020,32.88
26/07/2020,35.09
27/07/2020,35.44
28/07/2020,35.36
29/07/2020,33.75
30/07/2020,34.92
31/07/2020,33.66
01/08/2020,33.46
02/08/2020,34.24
03/08/2020,32.7
04/08/2020,31.78
05/08/2020,30.6
06/08/2020,33.89
07/08/2020,33.98
08/08/2020,34.07
09/08/2020,31.58
10/08/2020,29.31
11/08/2020,32.62
12/08/2020,29.06
13/08/2020,27.68
14/08/2020,27.35
15/08/2020,26.25
16/08/2020,27.56
17/08/2020,30.6
18/08/2020,32.84
19/08/2020,30.01
20/08/2020,27.76
21/08/2020,31.47
22/08/2020,32.62
23/08/2020,32.16
24/08/2020,32.94
25/08/2020,33.75
26/08/2020,31.9
27/08/2020,30.78
28/08/2020,32.95
29/08/2020,33.8
30/08/2020,34.46
31/08/2020,34.62
01/09/2020,34.1
02/09/2020,32.65
03/09/2020,33.71
04/09/2020,33.86
05/09/2020,33.99
06/09/2020,34.66
07/09/2020,34.63
08/09/2020,34.79
09/09/2020,34.87
10/09/2020,34.5
11/09/2020,32.26
12/09/2020,31.84
13/09/2020,29.07
14/09/2020,28.37
15/09/2020,28.8
16/09/2020,31.96
17/09/2020,32.66
18/09/2020,33.14
19/09/2020,30.39
20/09/2020,31.05
21/09/2020,30.74
22/09/2020,31.83
23/09/2020,32.27
24/09/2020,33.26
25/09/2020,33.03
26/09/2020,26.52
27/09/2020,31.04
28/09/2020,33.14
29/09/2020,31.83
30/09/2020,30.61
01/10/2020,31.81
02/10/2020,32.68
03/10/2020,33.08
04/10/2020,31.09
05/10/2020,32.49
06/10/2020,33.34
07/10/2020,31.13
08/10/2020,31.72
09/10/2020,32.21
10/10/2020,30.08
11/10/2020,27.86
12/10/2020,28.92
13/10/2020,28.18
14/10/2020,29.66
15/10/2020,31.11
16/10/2020,31.82
17/10/2020,31.96
18/10/2020,31.83
19/10/2020,32.93
20/10/2020,30.33
21/10/2020,29.59
22/10/2020,32.38
23/10/2020,33.14
24/10/2020,33.47
25/10/2020,33.32
26/10/2020,33.29
27/10/2020,32.9
28/10/2020,32.61
29/10/2020,31.75
30/10/2020,32.79
31/10/2020,33.22
01/11/2020,33.39
02/11/2020,33.64
03/11/2020,33.4
04/11/2020,32.53
05/11/2020,32.74
06/11/2020,32.18
07/11/2020,31.59
08/11/2020,31.68
09/11/2020,31.37
10/11/2020,30.7
11/11/2020,30.87
12/11/2020,28.34
13/11/2020,31
14/11/2020,32.47
15/11/2020,30.66
16/11/2020,29.92
17/11/2020,31.62
18/11/2020,31.74
19/11/2020,32.58
20/11/2020,32.46
21/11/2020,33.5
22/11/2020,32.73
23/11/2020,30.88
24/11/2020,30.76
25/11/2020,29.44
26/11/2020,24.89
27/11/2020,23.06
28/11/2020,26.87
29/11/2020,28.79
30/11/2020,30.8
01/12/2020,30.4
02/12/2020,30.36
03/12/2020,29.74
04/12/2020,31.01
05/12/2020,30.58
06/12/2020,30.69
07/12/2020,30.86
08/12/2020,31.36
09/12/2020,31.11
10/12/2020,31.13
11/12/2020,31.37
12/12/2020,30.57
13/12/2020,30.62
14/12/2020,30.6
15/12/2020,30.21
16/12/2020,30.5
17/12/2020,30.78
18/12/2020,30.57
19/12/2020,29.9
20/12/2020,29.5
21/12/2020,29.28
22/12/2020,29.45
23/12/2020,29.34
24/12/2020,29.46
25/12/2020,29.35
26/12/2020,29.49
27/12/2020,30.16
28/12/2020,30.36
29/12/2020,29.87
30/12/2020,29.38
31/12/2020,29.22
01/01/2021,29.06
02/01/2021,28.99
03/01/2021,29.19
04/01/2021,29.77
05/01/2021,29.92
06/01/2021,27.94
07/01/2021,29.06
08/01/2021,30.62
09/01/2021,30.32
10/01/2021,30.76
11/01/2021,30.81
12/01/2021,31.31
13/01/2021,31.01
14/01/2021,31.06
15/01/2021,30.94
16/01/2021,30.93
17/01/2021,30.64
18/01/2021,29.95
19/01/2021,31.1
20/01/2021,32.22
21/01/2021,32.74
22/01/2021,31.86
23/01/2021,31.58
24/01/2021,32.02
25/01/2021,32.52
26/01/2021,32.12
27/01/2021,31.45
28/01/2021,31.15
29/01/2021,31.37
30/01/2021,31.76
31/01/2021,31.32
01/02/2021,30.87
02/02/2021,30.83
03/02/2021,30.99
04/02/2021,30.83
05/02/2021,31.27
06/02/2021,31.57
07/02/2021,31.06
08/02/2021,30.75
09/02/2021,30.99
10/02/2021,31.68
11/02/2021,31.48
12/02/2021,31.39
13/02/2021,31.34
14/02/2021,32.04
15/02/2021,32.37
16/02/2021,32.42
17/02/2021,31.75
18/02/2021,30.86
19/02/2021,28.05
20/02/2021,29.42
21/02/2021,29.98
22/02/2021,31.46
23/02/2021,32.73
24/02/2021,33.4
25/02/2021,35.09
26/02/2021,35.23
27/02/2021,34.96
28/02/2021,35.11
01/03/2021,34.26
02/03/2021,34.6
03/03/2021,34.95
04/03/2021,34.61
05/03/2021,34.93
06/03/2021,34.84
07/03/2021,34.75
08/03/2021,34.06
09/03/2021,33.76
10/03/2021,34.53
11/03/2021,34.57
12/03/2021,34.59
13/03/2021,34.61
14/03/2021,34.83
15/03/2021,34.67
16/03/2021,34.53
17/03/2021,34.7
18/03/2021,34.22
19/03/2021,34.12
20/03/2021,34.64
21/03/2021,34.71
22/03/2021,35.26
23/03/2021,35.5
24/03/2021,35.69
25/03/2021,35.85
26/03/2021,36.04
27/03/2021,36.29
28/03/2021,36.35
29/03/2021,36.64
30/03/2021,38.27
31/03/2021,39.42
01/04/2021,39.19
02/04/2021,39.2
03/04/2021,37.46
04/04/2021,36.56
05/04/2021,35.68
06/04/2021,35.56
07/04/2021,36.42
08/04/2021,36.08
09/04/2021,35.18
10/04/2021,34.88
11/04/2021,35.24
12/04/2021,35.87
13/04/2021,35.83
14/04/2021,34.53
15/04/2021,34.17
16/04/2021,35.4
17/04/2021,36.32
18/04/2021,36.24
19/04/2021,37.34
20/04/2021,36.75
21/04/2021,36.28
22/04/2021,36.08
23/04/2021,35.79
24/04/2021,36.6
25/04/2021,37.34
26/04/2021,36.79
27/04/2021,37.54
28/04/2021,37.39
29/04/2021,37.19
30/04/2021,36.68
01/05/2021,35.87
02/05/2021,36.4
03/05/2021,36.58
04/05/2021,36.71
05/05/2021,37.3
06/05/2021,36.62
07/05/2021,37.01
08/05/2021,36.99
09/05/2021,36.79
10/05/2021,37.32
11/05/2021,38.02
12/05/2021,36.98
13/05/2021,37.42
14/05/2021,36.67
15/05/2021,35.83
16/05/2021,34.4
17/05/2021,36.03
18/05/2021,36.59
19/05/2021,37.22
20/05/2021,37.15
21/05/2021,37.33
22/05/2021,35.35
23/05/2021,37
24/05/2021,36.28
25/05/2021,37.76
26/05/2021,40.1
27/05/2021,38.69
28/05/2021,39.29
29/05/2021,40.61
30/05/2021,40.05
31/05/2021,39.77
01/06/2021,38.91
02/06/2021,38.63
03/06/2021,33.51
04/06/2021,35.57
05/06/2021,35.93
06/06/2021,36.34
07/06/2021,37.55
08/06/2021,38.74
09/06/2021,35.68
10/06/2021,34.88
11/06/2021,33.62
12/06/2021,34.99
13/06/2021,34.52
14/06/2021,33.02
15/06/2021,34.76
16/06/2021,34.92
17/06/2021,34.56
18/06/2021,34.41
19/06/2021,35.5
20/06/2021,36.89
21/06/2021,37.84
22/06/2021,37
23/06/2021,34.49
24/06/2021,33.73
25/06/2021,35.68
26/06/2021,35.62
27/06/2021,32.12
28/06/2021,34.22
29/06/2021,35.91
30/06/2021,37.38
01/07/2021,34.2
02/07/2021,32.02
03/07/2021,34.68
04/07/2021,36.08
05/07/2021,35.69
06/07/2021,36
07/07/2021,36.15
08/07/2021,31.35
09/07/2021,33.48
10/07/2021,32.34
11/07/2021,29.13
12/07/2021,30.27
13/07/2021,29.96
14/07/2021,30.44
15/07/2021,31.1
16/07/2021,31.88
17/07/2021,32.79
18/07/2021,32.25
19/07/2021,32.97
20/07/2021,32.32
21/07/2021,28.35
22/07/2021,26.45
23/07/2021,31.48
24/07/2021,33.71
25/07/2021,34.61
26/07/2021,34.54
27/07/2021,34.51
28/07/2021,34.53
29/07/2021,32.57
30/07/2021,33.53
31/07/2021,31.88
01/08/2021,33.79
02/08/2021,34.25
03/08/2021,35
04/08/2021,35.59
05/08/2021,35.07
06/08/2021,35.24
07/08/2021,36.25
08/08/2021,35.55
09/08/2021,36.14
10/08/2021,34.48
11/08/2021,35.71
12/08/2021,35.13
13/08/2021,33.52
14/08/2021,33.11
15/08/2021,32.84
16/08/2021,29.51
17/08/2021,29.96
18/08/2021,31.5
19/08/2021,31.98
20/08/2021,30.7
21/08/2021,30.94
22/08/2021,33.37
23/08/2021,34.01
24/08/2021,34.98
25/08/2021,35.39
26/08/2021,33.13
27/08/2021,31.88
28/08/2021,29.57
29/08/2021,30.73
30/08/2021,28.81
31/08/2021,30.19
01/09/2021,30.57
02/09/2021,32.64
03/09/2021,31.43
04/09/2021,31.38
05/09/2021,31.45
06/09/2021,27.87
07/09/2021,30.27
08/09/2021,32.07
09/09/2021,33.35
10/09/2021,31.96
11/09/2021,31.68
12/09/2021,32.37
13/09/2021,32.85
14/09/2021,33.21
15/09/2021,33.27
16/09/2021,34.14
17/09/2021,34.38
18/09/2021,33.46
19/09/2021,34.33
20/09/2021,33.21
21/09/2021,32.5
22/09/2021,31.78
23/09/2021,31.01
24/09/2021,32.73
25/09/2021,33.18
26/09/2021,31.89
27/09/2021,29.2
28/09/2021,31.01
29/09/2021,32.87
30/09/2021,32.89
01/10/2021,33.94
02/10/2021,33.75
03/10/2021,33.84
04/10/2021,34.08
05/10/2021,33.22
06/10/2021,32.39
07/10/2021,33.33
08/10/2021,33.93
09/10/2021,32.65
10/10/2021,33.02
11/10/2021,33.42
12/10/2021,33.43
13/10/2021,33.41
14/10/2021,33.75
15/10/2021,33.65
16/10/2021,31.97
17/10/2021,32.7
18/10/2021,33.5
19/10/2021,33.86
20/10/2021,33.37
21/10/2021,33.5
22/10/2021,33.56
23/10/2021,33.67
24/10/2021,32.24
25/10/2021,32.55
26/10/2021,32.6
27/10/2021,32.77
28/10/2021,31.79
29/10/2021,30.33
30/10/2021,31.63
31/10/2021,32.32
01/11/2021,29.25
02/11/2021,29.09
03/11/2021,29.96
04/11/2021,29.4
05/11/2021,30.34
06/11/2021,30.64
07/11/2021,29.12
08/11/2021,30.39
09/11/2021,29.84
10/11/2021,30.28
11/11/2021,28.08
12/11/2021,28.92
13/11/2021,30.05
14/11/2021,30.44
15/11/2021,30.93
16/11/2021,30.39
17/11/2021,30.42
18/11/2021,28.43
19/11/2021,27.4
20/11/2021,29.53
21/11/2021,30.08
22/11/2021,32.43
23/11/2021,32.77
24/11/2021,32.42
25/11/2021,31.52
26/11/2021,31.65
27/11/2021,29.7
28/11/2021,27.9
29/11/2021,27.87
30/11/2021,30.14
01/12/2021,30.26
02/12/2021,30.94
03/12/2021,30.23
04/12/2021,32.38
05/12/2021,32.59
06/12/2021,32.36
07/12/2021,32.3
08/12/2021,31.31
09/12/2021,29.74
10/12/2021,30.07
11/12/2021,31.19
12/12/2021,30.85
13/12/2021,29.77
14/12/2021,29.45
15/12/2021,28.82
16/12/2021,29.26
17/12/2021,29.25
18/12/2021,29.21
19/12/2021,29.25
20/12/2021,28.76
21/12/2021,29.03
22/12/2021,29.69
23/12/2021,30.78
24/12/2021,30.55
25/12/2021,30.53
26/12/2021,30.26
27/12/2021,29.38
28/12/2021,29.97
29/12/2021,29.87
30/12/2021,29.35
31/12/2021,29.39
01/01/2022,29.8
02/01/2022,29.64
03/01/2022,29.67
04/01/2022,29.31
05/01/2022,29.4
06/01/2022,29.6
07/01/2022,29.68
08/01/2022,29.63
09/01/2022,29.53
10/01/2022,29.65
11/01/2022,30.15
12/01/2022,28.8
13/01/2022,28.01
14/01/2022,28.64
15/01/2022,29.71
16/01/2022,28.04
17/01/2022,28.38
18/01/2022,29.47
19/01/2022,29.89
20/01/2022,30.8
21/01/2022,31.64
22/01/2022,31.77
23/01/2022,31.48
24/01/2022,30.01
25/01/2022,29.4
26/01/2022,28.4
27/01/2022,28.89
28/01/2022,29.15
29/01/2022,29.54
30/01/2022,30.93
31/01/2022,31.32
01/02/2022,31.53
02/02/2022,31.84
03/02/2022,31.05
04/02/2022,30.76
05/02/2022,31.22
06/02/2022,30.7
07/02/2022,31.15
08/02/2022,31.19
09/02/2022,29.87
10/02/2022,30.8
11/02/2022,31.2
12/02/2022,31.19
13/02/2022,31.07
14/02/2022,30.75
15/02/2022,30.56
16/02/2022,30.54
17/02/2022,30.52
18/02/2022,30.85
19/02/2022,31.8
20/02/2022,33.35
21/02/2022,33.58
22/02/2022,33.52
23/02/2022,32.31
24/02/2022,33
25/02/2022,32.4
26/02/2022,32.25
27/02/2022,32.32
28/02/2022,33.25
01/03/2022,33.81
02/03/2022,33.63
03/03/2022,33.18
04/03/2022,33.69
05/03/2022,33.75
06/03/2022,33.04
07/03/2022,33.52
08/03/2022,34.23
09/03/2022,34.71
10/03/2022,35.29
11/03/2022,34.71
12/03/2022,34.9
13/03/2022,35.46
14/03/2022,35.93
15/03/2022,36.71
16/03/2022,37.19
17/03/2022,37.51
18/03/2022,35.76
19/03/2022,34.81
20/03/2022,35.22
21/03/2022,36.4
22/03/2022,35.92
23/03/2022,35.62
24/03/2022,34.96
25/03/2022,34.92
26/03/2022,35.74
27/03/2022,35.97
28/03/2022,36.56
29/03/2022,37.19
30/03/2022,37.4
31/03/2022,36.77
01/04/2022,36.01
02/04/2022,35.05
03/04/2022,35.45
04/04/2022,35.34
05/04/2022,34.85
06/04/2022,35.69
07/04/2022,36.25
08/04/2022,35.66
09/04/2022,35.32
10/04/2022,35.68
11/04/2022,35.49
12/04/2022,36.22
13/04/2022,36.35
14/04/2022,36.62
15/04/2022,36.3
16/04/2022,36.65
17/04/2022,36.24
18/04/2022,37.26
19/04/2022,37.52
20/04/2022,37.95
21/04/2022,36.98
22/04/2022,36.23
23/04/2022,36.41
24/04/2022,37.77
25/04/2022,38.66
26/04/2022,38.45
27/04/2022,38.49
28/04/2022,38.47
29/04/2022,39.16
30/04/2022,40.16
01/05/2022,39.82
02/05/2022,39.19
03/05/2022,38.41
04/05/2022,35.46
05/05/2022,37.74
06/05/2022,38.24
07/05/2022,38.81
08/05/2022,38.14
09/05/2022,38.18
10/05/2022,34.89
11/05/2022,29.84
12/05/2022,31.68
13/05/2022,35.25
14/05/2022,37.06
15/05/2022,37.24
16/05/2022,37.1
17/05/2022,36.5
18/05/2022,35.88
19/05/2022,34.79
20/05/2022,35.29
21/05/2022,36.79
22/05/2022,38.76
23/05/2022,39.67
24/05/2022,40.01
25/05/2022,37.55
26/05/2022,39.55
27/05/2022,37.6
28/05/2022,40.24
29/05/2022,41.02
30/05/2022,40.88
31/05/2022,40.55
01/06/2022,40.21
02/06/2022,41.87
03/06/2022,41.27
04/06/2022,41.49
05/06/2022,40.89
06/06/2022,35.23
07/06/2022,40.47
08/06/2022,40.1
09/06/2022,39.91
10/06/2022,39.95
11/06/2022,39.46
12/06/2022,38.73
13/06/2022,38.14
14/06/2022,39.15
15/06/2022,35.74
16/06/2022,35.18
17/06/2022,36.07
18/06/2022,35.49
19/06/2022,35.04
20/06/2022,35.92
21/06/2022,33.69
22/06/2022,33.69
23/06/2022,35.74
24/06/2022,34.18
25/06/2022,34.19
26/06/2022,33.43
27/06/2022,31.88
28/06/2022,31.88
29/06/2022,34.71
30/06/2022,35
01/07/2022,35.48
02/07/2022,34.07
03/07/2022,32.66
04/07/2022,32.04
05/07/2022,33.47
06/07/2022,30.32
07/07/2022,31.68
08/07/2022,27.55
09/07/2022,28.02
10/07/2022,28.02
11/07/2022,28.06
12/07/2022,27.12
13/07/2022,27.96
14/07/2022,30.69
15/07/2022,33.45
16/07/2022,33.34
17/07/2022,30.59
18/07/2022,30.8
19/07/2022,34.52
20/07/2022,34.9
21/07/2022,33.95
22/07/2022,28.66
23/07/2022,30.27
24/07/2022,31.93
25/07/2022,33.09
26/07/2022,29.57
27/07/2022,33.32
28/07/2022,34.23
29/07/2022,34.51
30/07/2022,34.68
31/07/2022,35.15
01/08/2022,34.87
02/08/2022,34.39
03/08/2022,33.41
04/08/2022,32.71
05/08/2022,32.25
06/08/2022,31.83
07/08/2022,29.84
08/08/2022,29.44
09/08/2022,30.12
10/08/2022,32.47
11/08/2022,33.13
12/08/2022,33.74
13/08/2022,32.96
14/08/2022,28.68
15/08/2022,30.67
16/08/2022,34.24
17/08/2022,34.6
18/08/2022,34.49
19/08/2022,32.68
20/08/2022,34.01
21/08/2022,34.09
22/08/2022,34.42
23/08/2022,33.57
24/08/2022,33.06
25/08/2022,34.65
26/08/2022,34.06
27/08/2022,33.6
28/08/2022,33.11
29/08/2022,32.63
30/08/2022,33.37
31/08/2022,33.38
01/09/2022,33.5
02/09/2022,32.96
03/09/2022,34.47
04/09/2022,33.61
05/09/2022,34.39
06/09/2022,34.24
07/09/2022,31.45
08/09/2022,29.08
09/09/2022,30.01
10/09/2022,30.04
11/09/2022,29.67
12/09/2022,31.42
13/09/2022,32.18
14/09/2022,31.96
15/09/2022,31.75
16/09/2022,33.69
17/09/2022,34
18/09/2022,33.93
19/09/2022,30.15
20/09/2022,31.52
21/09/2022,33.08
22/09/2022,31.27
23/09/2022,33.32
24/09/2022,33.48
25/09/2022,34.32
26/09/2022,33.3
27/09/2022,33.45
28/09/2022,32.87
29/09/2022,31.38
30/09/2022,29.63
01/10/2022,29.39
02/10/2022,32.11
03/10/2022,31.97
04/10/2022,30.84
05/10/2022,31.26
06/10/2022,28.82
07/10/2022,30.36
08/10/2022,31.15
09/10/2022,29.49
10/10/2022,30.18
11/10/2022,31.07
12/10/2022,31.74
13/10/2022,31.62
14/10/2022,29.86
15/10/2022,28.31
16/10/2022,30.69
17/10/2022,32.45
18/10/2022,32.65
19/10/2022,32.28
20/10/2022,32.17
21/10/2022,32.33
22/10/2022,31.6
23/10/2022,32.21
24/10/2022,32.31
25/10/2022,32.6
26/10/2022,32.87
27/10/2022,32.25
28/10/2022,31.54
29/10/2022,31.52
30/10/2022,31.5
31/10/2022,30.53
01/11/2022,27.36
02/11/2022,29.19
03/11/2022,30.84
04/11/2022,32.16
05/11/2022,32.01
06/11/2022,31.94
07/11/2022,32.37
08/11/2022,32.27
09/11/2022,32.05
10/11/2022,31.27
11/11/2022,30.89
12/11/2022,31.21
13/11/2022,30.68
14/11/2022,30.84
15/11/2022,31.09
16/11/2022,31.29
17/11/2022,31.61
18/11/2022,30.42
19/11/2022,30.44
20/11/2022,28.88
21/11/2022,26.09
22/11/2022,29.78
23/11/2022,30.87
24/11/2022,31.75
25/11/2022,31.39
26/11/2022,31.57
27/11/2022,31.08
28/11/2022,30.96
29/11/2022,30.97
30/11/2022,30.93
01/12/2022,31.75
02/12/2022,31.96
03/12/2022,31.73
04/12/2022,31.64
05/12/2022,31.12
06/12/2022,30.63
07/12/2022,30.16
08/12/2022,29.61
09/12/2022,27
10/12/2022,26.43
11/12/2022,27.96
12/12/2022,28.57
13/12/2022,30.4
14/12/2022,31.46
15/12/2022,31.62
16/12/2022,32.19
17/12/2022,31.48
18/12/2022,30.47
19/12/2022,30.54
20/12/2022,30.77
21/12/2022,30.11
22/12/2022,30.42
23/12/2022,30.93
24/12/2022,30.94
25/12/2022,31.02
26/12/2022,30.54
27/12/2022,32.1
28/12/2022,32.98
29/12/2022,32.7
30/12/2022,32.49
31/12/2022,32.19
